event_id,fire_year,year,fitted_nbr
CA3589912013419840525,1984,1984,0.11664824255269102
CA3631411886919840821,1984,1984,-0.15918193032809794
CA4095612245219850718,1985,1984,-0.2605633353580425
CA4059212068919850708,1985,1984,-0.09959576781876234
CA3665912086319860602,1986,1984,-0.01704648180138259
CA3389911714619860529,1986,1984,0.06099150277192141
CA4184912355119870830,1987,1984,-0.22048155565325994
CA3600012102719870707,1987,1984,-0.049986810707204975
CA3362611673419880602,1988,1984,-0.061352904370656845
CA3879412296619880824,1988,1984,-0.20875520887342572
CA3407511899419891029,1989,1984,-0.10396440529843119
CA3464911838419890628,1989,1984,
CA4033912181119900809,1990,1984,-0.1308914259439605
CA3305811714419900910,1990,1984,-0.024028742216342085
CA3655211908319910922,1991,1984,-0.08031774972349279
CA3876512278719911020,1991,1984,-0.21488347488362822
CA3592712121419920821,1992,1984,-0.015619489070210617
CA3622012145819920801,1992,1984,-0.1472553693323774
CA3411411897719931026,1993,1984,-0.07370615424210977
CA3407011864919931102,1993,1984,
CA3765511953619940809,1994,1984,-0.11375318585956248
CA3715011953419940912,1994,1984,-0.13270523026842282
CA3805012286419951003,1995,1984,-0.17392074729279577
CA3515211854719950829,1995,1984,
CA3520911991019960520,1996,1984,0.03327106621096749
CA3791311981819960814,1996,1984,-0.20844837288356843
CA3344711729819970904,1997,1984,-0.0936499218676942
CA3471012049419970927,1997,1984,-0.03434170154053986
CA3442211887219981018,1998,1984,-0.07118886751973058
CA3688212081319980710,1998,1984,-0.1856551882381882
CA3975712171519990823,1999,1984,-0.08465063507254167
CA3784511998419990823,1999,1984,-0.18289027943757794
CA3625712072920000803,2000,1984,-0.1028453134324769
CA3771612024820000702,2000,1984,
CA3777211886020010702,2001,1984,-0.09357492770152637
CA3396111727920010623,2001,1984,0.04553332518034025
CA4146112251620020713,2002,1984,-0.11000354588245267
CA3474011878120020618,2002,1984,-0.012901770125825242
CA3500511465220030716,2003,1984,-0.13225355051631327
CA3976112013320030720,2003,1984,0.005138768057177307
CA3796411972720041015,2004,1984,-0.11881243693160362
CA3376011738120040503,2004,1984,0.026471594712235022
CA3937412284420050809,2005,1984,
CA3508611531720050622,2005,1984,-0.023761846716906534
CA3605012069320060722,2006,1984,-0.043285613327737026
CA3528111983720060711,2006,1984,0.03958487807986257
CA3338411718020071022,2007,1984,-0.08726561851924611
CA3757311966320071029,2007,1984,-0.25864017788770327
CA3976512124820080622,2008,1984,-0.2911690935482471
CA3391911775320081115,2008,1984,-0.03753627922444777
CA4156612316620090821,2009,1984,-0.217996975026948
CA3419711786020090825,2009,1984,-0.13003762744028174
CA3334311736220100713,2010,1984,0.0016061035973644075
CA3790211905120100726,2010,1984,0.005706162964303713
CA3309811647820111001,2011,1984,-0.1223912341653495
CA3713411828320110913,2011,1984,-0.01736533970037358
CA3355611691120120814,2012,1984,-0.009889847053756421
CA3260811624320120517,2012,1984,0.017549365460240277
CA4018812160120130501,2013,1984,-0.2276981017369057
CA3881312282620131122,2013,1984,-0.1522021108205735
CA3976812365020140730,2014,1984,-0.2946961592638118
CA4122712136220140731,2014,1984,-0.18466102337356624
CA3745411858420150206,2015,1984,-0.0059236598825469075
CA4016812363920150730,2015,1984,-0.25098907646230867
CA3779911892220160804,2016,1984,-0.07776893151443594
CA3436911855620160709,2016,1984,
CA4145212338020170811,2017,1984,-0.2906942927626481
CA3589912026320170710,2017,1984,-0.0709614136537736
CA3906012314020180727,2018,1984,-0.0864514955207532
CA3511712010020180819,2018,1984,-0.020815067292737213
CA3892812226620190608,2019,1984,-0.10886145024965634
CA3433711905320191031,2019,1984,-0.033468693817761276
CA4185812335420200908,2020,1984,-0.28042367839153687
CA3375311768720201026,2020,1984,-0.020773051109035847
CA4156412340420210801,2021,1984,-0.2814071683354511
CA3658211879520210912,2021,1984,-0.20769790332143492
CA3633311865120220803,2022,1984,-0.11666627775730071
CA4090712359920220805,2022,1984,-0.31087288655965845
CA3389011707120230714,2023,1984,0.03927489088719727
CA3806111999220230909,2023,1984,-0.17666895913191025
CA3589912013419840525,1984,1985,0.017572089230986278
CA3631411886919840821,1984,1985,-0.13579109403095524
CA4095612245219850718,1985,1985,-0.05351834004183609
CA4059212068919850708,1985,1985,0.011473584849867192
CA3665912086319860602,1986,1985,0.026514027101704384
CA3389911714619860529,1986,1985,0.02091395118169282
CA4184912355119870830,1987,1985,-0.22714835483490123
CA3600012102719870707,1987,1985,-0.055863247232885035
CA3362611673419880602,1988,1985,-0.08259029651302494
CA3879412296619880824,1988,1985,-0.17857116350535382
CA3407511899419891029,1989,1985,-0.03478649044244185
CA3464911838419890628,1989,1985,-0.10535733370448695
CA4033912181119900809,1990,1985,-0.12042770837467334
CA3305811714419900910,1990,1985,-0.03718369097079629
CA3655211908319910922,1991,1985,-0.08578589419981025
CA3876512278719911020,1991,1985,-0.21488131954056222
CA3592712121419920821,1992,1985,-0.027795737062910927
CA3622012145819920801,1992,1985,-0.08960728045886374
CA3411411897719931026,1993,1985,-0.06600133899643831
CA3407011864919931102,1993,1985,-0.12850809575742073
CA3765511953619940809,1994,1985,-0.10233022633836664
CA3715011953419940912,1994,1985,-0.044060934516571094
CA3805012286419951003,1995,1985,-0.19046501345451566
CA3515211854719950829,1995,1985,-0.05251071068995138
CA3520911991019960520,1996,1985,-0.027575587518416194
CA3791311981819960814,1996,1985,-0.1967524856753116
CA3344711729819970904,1997,1985,-0.08763781606946834
CA3471012049419970927,1997,1985,-0.04216943534273509
CA3442211887219981018,1998,1985,-0.01575655213787759
CA3688212081319980710,1998,1985,-0.03138346270810904
CA3975712171519990823,1999,1985,-0.10014175045298931
CA3784511998419990823,1999,1985,-0.17285231324935324
CA3625712072920000803,2000,1985,-0.08437052802427528
CA3771612024820000702,2000,1985,-0.06106798926853535
CA3777211886020010702,2001,1985,-0.04881659639007477
CA3396111727920010623,2001,1985,0.02030322576244604
CA4146112251620020713,2002,1985,-0.10516581480172557
CA3474011878120020618,2002,1985,0.004250939058214619
CA3500511465220030716,2003,1985,-0.14430003474930533
CA3976112013320030720,2003,1985,0.011577962173920965
CA3796411972720041015,2004,1985,-0.11488836724532671
CA3376011738120040503,2004,1985,0.013219488122348282
CA3937412284420050809,2005,1985,-0.18731905179404706
CA3508611531720050622,2005,1985,-0.006314377118776779
CA3605012069320060722,2006,1985,-0.026472006698330462
CA3528111983720060711,2006,1985,0.04284862421216735
CA3338411718020071022,2007,1985,-0.0888708542774946
CA3757311966320071029,2007,1985,-0.24263062042524441
CA3976512124820080622,2008,1985,-0.29468302154387344
CA3391911775320081115,2008,1985,-0.03246670904523988
CA4156612316620090821,2009,1985,-0.20817617303320052
CA3419711786020090825,2009,1985,-0.13553465455133906
CA3334311736220100713,2010,1985,0.03132937567205081
CA3790211905120100726,2010,1985,-0.0033630523055503975
CA3309811647820111001,2011,1985,-0.0792052216231672
CA3713411828320110913,2011,1985,0.008291514196278216
CA3355611691120120814,2012,1985,-0.025267900883662046
CA3260811624320120517,2012,1985,0.03161307303854715
CA4018812160120130501,2013,1985,-0.22175465772365183
CA3881312282620131122,2013,1985,-0.15091059083822606
CA3976812365020140730,2014,1985,-0.30442438621889384
CA4122712136220140731,2014,1985,-0.18156080648000697
CA3745411858420150206,2015,1985,0.01422929554659507
CA4016812363920150730,2015,1985,-0.2582003837101907
CA3779911892220160804,2016,1985,-0.07574403181555149
CA3436911855620160709,2016,1985,-0.057306429380240984
CA4145212338020170811,2017,1985,-0.296582862145533
CA3589912026320170710,2017,1985,-0.0608985282889736
CA3906012314020180727,2018,1985,-0.15567636949198851
CA3511712010020180819,2018,1985,-0.055844435227763486
CA3892812226620190608,2019,1985,-0.09811709808953221
CA3433711905320191031,2019,1985,-0.005065091054025182
CA4185812335420200908,2020,1985,-0.2833587401870508
CA3375311768720201026,2020,1985,-0.03174149305146117
CA4156412340420210801,2021,1985,-0.2860991558349664
CA3658211879520210912,2021,1985,-0.20674840336108177
CA3633311865120220803,2022,1985,-0.12511577665251494
CA4090712359920220805,2022,1985,-0.31737997421238473
CA3389011707120230714,2023,1985,0.013802623755188786
CA3806111999220230909,2023,1985,-0.169934099238929
CA3589912013419840525,1984,1986,-0.0745922643404397
CA3631411886919840821,1984,1986,-0.15307342183238307
CA4095612245219850718,1985,1986,-0.04428284716453887
CA4059212068919850708,1985,1986,0.0003858187140042019
CA3665912086319860602,1986,1986,0.0694982607841465
CA3389911714619860529,1986,1986,0.11302202007924575
CA4184912355119870830,1987,1986,-0.22078626246407884
CA3600012102719870707,1987,1986,-0.10573008517802446
CA3362611673419880602,1988,1986,-0.0963977098272872
CA3879412296619880824,1988,1986,-0.18481174086976468
CA3407511899419891029,1989,1986,-0.09365844511614858
CA3464911838419890628,1989,1986,-0.121534736551694
CA4033912181119900809,1990,1986,-0.13850069676627508
CA3305811714419900910,1990,1986,-0.06381017244033765
CA3655211908319910922,1991,1986,-0.10932100689263602
CA3876512278719911020,1991,1986,-0.2337474577428637
CA3592712121419920821,1992,1986,-0.06249164120033493
CA3622012145819920801,1992,1986,-0.14210814025528554
CA3411411897719931026,1993,1986,-0.10542177268542634
CA3407011864919931102,1993,1986,-0.15758852152213082
CA3765511953619940809,1994,1986,-0.11260184763573197
CA3715011953419940912,1994,1986,-0.05685149435146118
CA3805012286419951003,1995,1986,-0.17515561810328825
CA3515211854719950829,1995,1986,-0.06731111563760321
CA3520911991019960520,1996,1986,-0.03836544687557582
CA3791311981819960814,1996,1986,-0.1950462512387448
CA3344711729819970904,1997,1986,-0.10420642846212697
CA3471012049419970927,1997,1986,-0.08365454841851204
CA3442211887219981018,1998,1986,-0.08126703691018006
CA3688212081319980710,1998,1986,-0.06680610439204411
CA3975712171519990823,1999,1986,-0.10235772826441861
CA3784511998419990823,1999,1986,-0.18482235563438595
CA3625712072920000803,2000,1986,-0.11135108651193902
CA3771612024820000702,2000,1986,-0.07321493520129792
CA3777211886020010702,2001,1986,-0.08699574812501853
CA3396111727920010623,2001,1986,-0.0015835655892526559
CA4146112251620020713,2002,1986,-0.11185117196174929
CA3474011878120020618,2002,1986,-0.026334873680373197
CA3500511465220030716,2003,1986,-0.14111243491828723
CA3976112013320030720,2003,1986,0.0037173832390305084
CA3796411972720041015,2004,1986,-0.11375067591457123
CA3376011738120040503,2004,1986,-0.01464395566829126
CA3937412284420050809,2005,1986,-0.18182016647740012
CA3508611531720050622,2005,1986,-0.003520545289182203
CA3605012069320060722,2006,1986,-0.08023359233194181
CA3528111983720060711,2006,1986,-0.02940028866795226
CA3338411718020071022,2007,1986,-0.10206012391625083
CA3757311966320071029,2007,1986,-0.24419903462239256
CA3976512124820080622,2008,1986,-0.2920554823091393
CA3391911775320081115,2008,1986,-0.05769494969839135
CA4156612316620090821,2009,1986,-0.20813442506922716
CA3419711786020090825,2009,1986,-0.1539438834576812
CA3334311736220100713,2010,1986,0.005443629039143107
CA3790211905120100726,2010,1986,-0.005261453375977919
CA3309811647820111001,2011,1986,-0.11419445402383979
CA3713411828320110913,2011,1986,-0.028548354224806644
CA3355611691120120814,2012,1986,-0.046109515759843706
CA3260811624320120517,2012,1986,-0.003755052225829127
CA4018812160120130501,2013,1986,-0.22634033520181693
CA3881312282620131122,2013,1986,-0.1641485709292964
CA3976812365020140730,2014,1986,-0.3075208844524776
CA4122712136220140731,2014,1986,-0.1929417415528786
CA3745411858420150206,2015,1986,-0.01262729630394661
CA4016812363920150730,2015,1986,-0.25845698033398673
CA3779911892220160804,2016,1986,-0.07998035083129396
CA3436911855620160709,2016,1986,-0.0966280956960221
CA4145212338020170811,2017,1986,-0.2999773035794761
CA3589912026320170710,2017,1986,-0.10460691266122019
CA3906012314020180727,2018,1986,-0.16245696130907453
CA3511712010020180819,2018,1986,-0.058691575757715116
CA3892812226620190608,2019,1986,-0.12290744812929313
CA3433711905320191031,2019,1986,-0.051387451213280165
CA4185812335420200908,2020,1986,-0.27321343609853005
CA3375311768720201026,2020,1986,-0.04098467578074953
CA4156412340420210801,2021,1986,-0.28451672420936863
CA3658211879520210912,2021,1986,-0.20836827832714855
CA3633311865120220803,2022,1986,-0.11818247305328337
CA4090712359920220805,2022,1986,-0.3041904140125926
CA3389011707120230714,2023,1986,0.014096714789050361
CA3806111999220230909,2023,1986,-0.17266139552963294
CA3589912013419840525,1984,1987,-0.027814076741319832
CA3631411886919840821,1984,1987,-0.1231336033115305
CA4095612245219850718,1985,1987,-0.10755816065009002
CA4059212068919850708,1985,1987,0.006606979413837982
CA3665912086319860602,1986,1987,0.04379790662376964
CA3389911714619860529,1986,1987,0.06430749731484073
CA4184912355119870830,1987,1987,-0.21121673989420928
CA3600012102719870707,1987,1987,0.028684369931146363
CA3362611673419880602,1988,1987,-0.07069798658491264
CA3879412296619880824,1988,1987,-0.164401705670413
CA3407511899419891029,1989,1987,-0.025694503766667254
CA3464911838419890628,1989,1987,-0.05210126177161248
CA4033912181119900809,1990,1987,-0.12073689601150635
CA3305811714419900910,1990,1987,-0.012719070657643553
CA3655211908319910922,1991,1987,-0.06797381286030979
CA3876512278719911020,1991,1987,-0.21628365868096736
CA3592712121419920821,1992,1987,-0.03472353486278987
CA3622012145819920801,1992,1987,-0.11638603059152586
CA3411411897719931026,1993,1987,-0.03374232657268496
CA3407011864919931102,1993,1987,-0.08188027458699519
CA3765511953619940809,1994,1987,-0.10867931475091645
CA3715011953419940912,1994,1987,-0.045295454270104465
CA3805012286419951003,1995,1987,-0.17798240822574424
CA3515211854719950829,1995,1987,-0.00853770281425398
CA3520911991019960520,1996,1987,0.02343015364368071
CA3791311981819960814,1996,1987,-0.18574017580814423
CA3344711729819970904,1997,1987,-0.07535743209850612
CA3471012049419970927,1997,1987,-0.06079473155336742
CA3442211887219981018,1998,1987,0.00035323205289799293
CA3688212081319980710,1998,1987,-0.025137360800434324
CA3975712171519990823,1999,1987,-0.10635244595545616
CA3784511998419990823,1999,1987,-0.14786209625936178
CA3625712072920000803,2000,1987,-0.07651178622872205
CA3771612024820000702,2000,1987,-0.04659858044586799
CA3777211886020010702,2001,1987,-0.043884731030337826
CA3396111727920010623,2001,1987,0.04937403333458867
CA4146112251620020713,2002,1987,-0.1275919024744419
CA3474011878120020618,2002,1987,0.006575140432256195
CA3500511465220030716,2003,1987,-0.1306896178488146
CA3976112013320030720,2003,1987,0.025524022288855523
CA3796411972720041015,2004,1987,-0.10048102149694613
CA3376011738120040503,2004,1987,0.04505611865291411
CA3937412284420050809,2005,1987,-0.17322578768708483
CA3508611531720050622,2005,1987,0.008249984420496737
CA3605012069320060722,2006,1987,-0.030813964154477538
CA3528111983720060711,2006,1987,0.021301406766940676
CA3338411718020071022,2007,1987,-0.06929295899770814
CA3757311966320071029,2007,1987,-0.23262553881294037
CA3976512124820080622,2008,1987,-0.2907571913025414
CA3391911775320081115,2008,1987,-0.008013478375574187
CA4156612316620090821,2009,1987,-0.20014932584768153
CA3419711786020090825,2009,1987,-0.08959141143508913
CA3334311736220100713,2010,1987,0.03850511189843046
CA3790211905120100726,2010,1987,0.009733800859612906
CA3309811647820111001,2011,1987,-0.08465731944492172
CA3713411828320110913,2011,1987,0.016108817259030957
CA3355611691120120814,2012,1987,-0.013234587810770457
CA3260811624320120517,2012,1987,0.01924752093543975
CA4018812160120130501,2013,1987,-0.21984648291461298
CA3881312282620131122,2013,1987,-0.14637391011391546
CA3976812365020140730,2014,1987,-0.309285551491598
CA4122712136220140731,2014,1987,-0.19025145563801105
CA3745411858420150206,2015,1987,0.0031558718770844474
CA4016812363920150730,2015,1987,-0.25856143745435506
CA3779911892220160804,2016,1987,-0.07127944776742733
CA3436911855620160709,2016,1987,-0.011446644158077465
CA4145212338020170811,2017,1987,-0.28489821674648474
CA3589912026320170710,2017,1987,-0.05066427790091009
CA3906012314020180727,2018,1987,-0.1462613641916333
CA3511712010020180819,2018,1987,-0.01093122909005694
CA3892812226620190608,2019,1987,-0.0927282860282309
CA3433711905320191031,2019,1987,0.04428573082423742
CA4185812335420200908,2020,1987,-0.26372269657261393
CA3375311768720201026,2020,1987,0.007943951678422333
CA4156412340420210801,2021,1987,-0.2718985440291382
CA3658211879520210912,2021,1987,-0.18978743250475838
CA3633311865120220803,2022,1987,-0.11893160157301441
CA4090712359920220805,2022,1987,-0.30330492314817453
CA3389011707120230714,2023,1987,0.05869403292809366
CA3806111999220230909,2023,1987,-0.16180520787475933
CA3589912013419840525,1984,1988,0.015836158809175296
CA3631411886919840821,1984,1988,-0.12013548094971253
CA4095612245219850718,1985,1988,-0.12887775203035381
CA4059212068919850708,1985,1988,0.001673266070190473
CA3665912086319860602,1986,1988,0.033219426292204236
CA3389911714619860529,1986,1988,0.04955645581949617
CA4184912355119870830,1987,1988,-0.11193870972402716
CA3600012102719870707,1987,1988,-0.013659908993953916
CA3362611673419880602,1988,1988,0.008737886807163975
CA3879412296619880824,1988,1988,-0.15796570538358948
CA3407511899419891029,1989,1988,-0.02810960965025832
CA3464911838419890628,1989,1988,-0.11559179773158887
CA4033912181119900809,1990,1988,-0.12334261175038687
CA3305811714419900910,1990,1988,-0.02663037818709222
CA3655211908319910922,1991,1988,-0.036397460347250304
CA3876512278719911020,1991,1988,-0.22315109677703596
CA3592712121419920821,1992,1988,-0.00012083398625643126
CA3622012145819920801,1992,1988,-0.08696821759072415
CA3411411897719931026,1993,1988,-0.053454052734364724
CA3407011864919931102,1993,1988,-0.10929327957710212
CA3765511953619940809,1994,1988,-0.10860856722858642
CA3715011953419940912,1994,1988,0.023673509681521213
CA3805012286419951003,1995,1988,-0.1982008990110271
CA3515211854719950829,1995,1988,-0.016324246703522633
CA3520911991019960520,1996,1988,0.0041619745633330995
CA3791311981819960814,1996,1988,-0.17865172692244782
CA3344711729819970904,1997,1988,-0.0946648948500536
CA3471012049419970927,1997,1988,-0.045656475365094665
CA3442211887219981018,1998,1988,-0.03917714749697694
CA3688212081319980710,1998,1988,0.037003426683139024
CA3975712171519990823,1999,1988,-0.07554511435353596
CA3784511998419990823,1999,1988,-0.14526623394266885
CA3625712072920000803,2000,1988,-0.062490879227380954
CA3771612024820000702,2000,1988,-0.01986496282288281
CA3777211886020010702,2001,1988,-0.02374543232518798
CA3396111727920010623,2001,1988,0.060135194886053726
CA4146112251620020713,2002,1988,-0.10345007879666998
CA3474011878120020618,2002,1988,-0.025773874593311246
CA3500511465220030716,2003,1988,-0.08978140433207994
CA3976112013320030720,2003,1988,0.05733953698777014
CA3796411972720041015,2004,1988,-0.10215568123929127
CA3376011738120040503,2004,1988,0.015863030387214556
CA3937412284420050809,2005,1988,-0.14431779208814524
CA3508611531720050622,2005,1988,0.0010838896904411532
CA3605012069320060722,2006,1988,-0.026022942723531266
CA3528111983720060711,2006,1988,-0.004415279096441123
CA3338411718020071022,2007,1988,-0.08848516947326619
CA3757311966320071029,2007,1988,-0.2257258439445324
CA3976512124820080622,2008,1988,-0.28781993368227954
CA3391911775320081115,2008,1988,-0.0005489290709231463
CA4156612316620090821,2009,1988,-0.19512751506850082
CA3419711786020090825,2009,1988,-0.16453547213124892
CA3334311736220100713,2010,1988,0.014049686299327267
CA3790211905120100726,2010,1988,0.010983460486192888
CA3309811647820111001,2011,1988,-0.08043087212922886
CA3713411828320110913,2011,1988,0.030702033286895435
CA3355611691120120814,2012,1988,-0.026903424640748356
CA3260811624320120517,2012,1988,0.0043915769294110025
CA4018812160120130501,2013,1988,-0.22385859980109865
CA3881312282620131122,2013,1988,-0.13593449527741866
CA3976812365020140730,2014,1988,-0.2955049400551779
CA4122712136220140731,2014,1988,-0.18120276787754777
CA3745411858420150206,2015,1988,0.013978805400107172
CA4016812363920150730,2015,1988,-0.23588774211973804
CA3779911892220160804,2016,1988,-0.06885451579279044
CA3436911855620160709,2016,1988,-0.0858831468471095
CA4145212338020170811,2017,1988,-0.2698667727371146
CA3589912026320170710,2017,1988,-0.057074974907456714
CA3906012314020180727,2018,1988,-0.14147820413404025
CA3511712010020180819,2018,1988,-0.017577140576182187
CA3892812226620190608,2019,1988,-0.07492799727448132
CA3433711905320191031,2019,1988,0.017959519650544077
CA4185812335420200908,2020,1988,-0.2342528307764247
CA3375311768720201026,2020,1988,-0.006494289804816365
CA4156412340420210801,2021,1988,-0.20703015101419422
CA3658211879520210912,2021,1988,-0.19476495073443897
CA3633311865120220803,2022,1988,-0.1052538940419026
CA4090712359920220805,2022,1988,-0.2809315143053436
CA3389011707120230714,2023,1988,0.039520034228028106
CA3806111999220230909,2023,1988,-0.16339577436099878
CA3589912013419840525,1984,1989,0.011377252410475078
CA3631411886919840821,1984,1989,-0.14544754855724548
CA4095612245219850718,1985,1989,-0.14460476368596611
CA4059212068919850708,1985,1989,-0.014508935925969352
CA3665912086319860602,1986,1989,0.059400819048920056
CA3389911714619860529,1986,1989,0.052111416240493855
CA4184912355119870830,1987,1989,-0.12138326866988401
CA3600012102719870707,1987,1989,0.021519763841813894
CA3362611673419880602,1988,1989,0.002581848821881863
CA3879412296619880824,1988,1989,-0.10034105083034187
CA3407511899419891029,1989,1989,-0.013731189301397396
CA3464911838419890628,1989,1989,0.141044974831436
CA4033912181119900809,1990,1989,-0.12605435213044372
CA3305811714419900910,1990,1989,0.0006207117980651767
CA3655211908319910922,1991,1989,-0.06460875161041126
CA3876512278719911020,1991,1989,-0.23537505142415768
CA3592712121419920821,1992,1989,0.010713201723044694
CA3622012145819920801,1992,1989,-0.09234658931095525
CA3411411897719931026,1993,1989,-0.046091454566188204
CA3407011864919931102,1993,1989,-0.08543213453552279
CA3765511953619940809,1994,1989,-0.1056327575926296
CA3715011953419940912,1994,1989,-0.002689327611549374
CA3805012286419951003,1995,1989,-0.23553060757210206
CA3515211854719950829,1995,1989,-0.022601779115176794
CA3520911991019960520,1996,1989,0.055692468624555666
CA3791311981819960814,1996,1989,-0.18595811747482263
CA3344711729819970904,1997,1989,-0.08731710551132534
CA3471012049419970927,1997,1989,-0.022994227243271465
CA3442211887219981018,1998,1989,-0.01829430494522402
CA3688212081319980710,1998,1989,0.02653742794313646
CA3975712171519990823,1999,1989,-0.09659808499733971
CA3784511998419990823,1999,1989,-0.163748036821671
CA3625712072920000803,2000,1989,-0.06277346188625975
CA3771612024820000702,2000,1989,-0.03319203646029137
CA3777211886020010702,2001,1989,-0.007856703402987565
CA3396111727920010623,2001,1989,0.04917901152191254
CA4146112251620020713,2002,1989,-0.11584983214431167
CA3474011878120020618,2002,1989,0.010362520347055822
CA3500511465220030716,2003,1989,-0.08698287469219654
CA3976112013320030720,2003,1989,0.01884021628671297
CA3796411972720041015,2004,1989,-0.11216669996917382
CA3376011738120040503,2004,1989,0.052805310208470624
CA3937412284420050809,2005,1989,-0.16156565931202507
CA3508611531720050622,2005,1989,0.011106272890589528
CA3605012069320060722,2006,1989,-0.0003666393603189931
CA3528111983720060711,2006,1989,0.04911545165475514
CA3338411718020071022,2007,1989,-0.07928044856708555
CA3757311966320071029,2007,1989,-0.23536189897391832
CA3976512124820080622,2008,1989,-0.2955817440967818
CA3391911775320081115,2008,1989,-0.031262352299315475
CA4156612316620090821,2009,1989,-0.18885626259250918
CA3419711786020090825,2009,1989,-0.12466701775267484
CA3334311736220100713,2010,1989,0.03603824622399947
CA3790211905120100726,2010,1989,0.017322560471909575
CA3309811647820111001,2011,1989,-0.041002592024529314
CA3713411828320110913,2011,1989,0.03647743692098452
CA3355611691120120814,2012,1989,0.0031667675359921543
CA3260811624320120517,2012,1989,0.040942963977480304
CA4018812160120130501,2013,1989,-0.2284232403160658
CA3881312282620131122,2013,1989,-0.11068704594999086
CA3976812365020140730,2014,1989,-0.304336651368211
CA4122712136220140731,2014,1989,-0.18797917725211077
CA3745411858420150206,2015,1989,0.018137972056407582
CA4016812363920150730,2015,1989,-0.2561458011073301
CA3779911892220160804,2016,1989,-0.07381162108794428
CA3436911855620160709,2016,1989,-0.04312620495549681
CA4145212338020170811,2017,1989,-0.2700478248508985
CA3589912026320170710,2017,1989,-0.035764396650881464
CA3906012314020180727,2018,1989,-0.15467223847763184
CA3511712010020180819,2018,1989,-0.004449217072325412
CA3892812226620190608,2019,1989,-0.07586886406732081
CA3433711905320191031,2019,1989,0.007868534572865417
CA4185812335420200908,2020,1989,-0.2421494409220722
CA3375311768720201026,2020,1989,-0.004388741136792717
CA4156412340420210801,2021,1989,-0.20654885516040403
CA3658211879520210912,2021,1989,-0.19304887381953909
CA3633311865120220803,2022,1989,-0.1097027414389486
CA4090712359920220805,2022,1989,-0.2819938089403724
CA3389011707120230714,2023,1989,0.0568275043165185
CA3806111999220230909,2023,1989,-0.15450653551021296
CA3589912013419840525,1984,1990,0.08548441652945431
CA3631411886919840821,1984,1990,-0.12788287922723254
CA4095612245219850718,1985,1990,-0.1346327199837227
CA4059212068919850708,1985,1990,-0.027087989625857033
CA3665912086319860602,1986,1990,0.06567631392196027
CA3389911714619860529,1986,1990,0.10105782630181193
CA4184912355119870830,1987,1990,-0.1313172093770715
CA3600012102719870707,1987,1990,0.021451740800937532
CA3362611673419880602,1988,1990,0.0014684633027857031
CA3879412296619880824,1988,1990,-0.09272210131816995
CA3407511899419891029,1989,1990,0.06742106667515586
CA3464911838419890628,1989,1990,0.04506198579652448
CA4033912181119900809,1990,1990,-0.00831394383474657
CA3305811714419900910,1990,1990,0.045737988383653554
CA3655211908319910922,1991,1990,-0.04564225782096387
CA3876512278719911020,1991,1990,-0.2316847299515494
CA3592712121419920821,1992,1990,0.022512831871079022
CA3622012145819920801,1992,1990,-0.08432063423365509
CA3411411897719931026,1993,1990,-0.01001155061471408
CA3407011864919931102,1993,1990,-0.07870930075002833
CA3765511953619940809,1994,1990,-0.10419119804580176
CA3715011953419940912,1994,1990,-0.0018862348766987469
CA3805012286419951003,1995,1990,-0.17165575454873208
CA3515211854719950829,1995,1990,-0.010010587206437358
CA3520911991019960520,1996,1990,0.11096771351451692
CA3791311981819960814,1996,1990,-0.18643649069688106
CA3344711729819970904,1997,1990,-0.07731529686933622
CA3471012049419970927,1997,1990,0.002819692303704096
CA3442211887219981018,1998,1990,0.020376745219516112
CA3688212081319980710,1998,1990,0.04021605668845983
CA3975712171519990823,1999,1990,-0.08323219633923351
CA3784511998419990823,1999,1990,-0.16585209240918217
CA3625712072920000803,2000,1990,-0.05527314793950365
CA3771612024820000702,2000,1990,-0.016325433372422746
CA3777211886020010702,2001,1990,-0.004157269427916153
CA3396111727920010623,2001,1990,0.07952134469054142
CA4146112251620020713,2002,1990,-0.11966055948030115
CA3474011878120020618,2002,1990,0.031393354354396434
CA3500511465220030716,2003,1990,-0.09322310267969763
CA3976112013320030720,2003,1990,0.017414234167616543
CA3796411972720041015,2004,1990,-0.10408631592972198
CA3376011738120040503,2004,1990,0.07099512333512659
CA3937412284420050809,2005,1990,-0.14472813360766842
CA3508611531720050622,2005,1990,0.01672333434049024
CA3605012069320060722,2006,1990,-0.007058358244291308
CA3528111983720060711,2006,1990,0.08366434630866748
CA3338411718020071022,2007,1990,-0.07033851930440199
CA3757311966320071029,2007,1990,-0.22686827410911187
CA3976512124820080622,2008,1990,-0.28879218166507103
CA3391911775320081115,2008,1990,0.04483817911904387
CA4156612316620090821,2009,1990,-0.1855002250657083
CA3419711786020090825,2009,1990,-0.10948755551519378
CA3334311736220100713,2010,1990,0.05866871010860075
CA3790211905120100726,2010,1990,0.013112927707633238
CA3309811647820111001,2011,1990,-0.025564749060972974
CA3713411828320110913,2011,1990,0.03526569940823355
CA3355611691120120814,2012,1990,0.01705352006435961
CA3260811624320120517,2012,1990,0.03127560725852242
CA4018812160120130501,2013,1990,-0.21307002891481008
CA3881312282620131122,2013,1990,-0.09842427526951898
CA3976812365020140730,2014,1990,-0.2923792742359716
CA4122712136220140731,2014,1990,-0.18926859863143572
CA3745411858420150206,2015,1990,0.020523750327426045
CA4016812363920150730,2015,1990,-0.23357508985613182
CA3779911892220160804,2016,1990,-0.061897439655441436
CA3436911855620160709,2016,1990,-0.012908925216570288
CA4145212338020170811,2017,1990,-0.277659969440868
CA3589912026320170710,2017,1990,-0.01421153525454438
CA3906012314020180727,2018,1990,-0.1293642012438136
CA3511712010020180819,2018,1990,0.027288223145280847
CA3892812226620190608,2019,1990,-0.048668425573736594
CA3433711905320191031,2019,1990,0.024449655495818762
CA4185812335420200908,2020,1990,-0.24238633943860366
CA3375311768720201026,2020,1990,0.010296695673133417
CA4156412340420210801,2021,1990,-0.21441484191240223
CA3658211879520210912,2021,1990,-0.17518598552052023
CA3633311865120220803,2022,1990,-0.10227374361514469
CA4090712359920220805,2022,1990,-0.2893730671456774
CA3389011707120230714,2023,1990,0.08571725170406175
CA3806111999220230909,2023,1990,-0.15539871738465322
CA3589912013419840525,1984,1991,-0.039258662319847114
CA3631411886919840821,1984,1991,-0.1517785354648061
CA4095612245219850718,1985,1991,-0.1486768087669192
CA4059212068919850708,1985,1991,-0.02619850705186165
CA3665912086319860602,1986,1991,0.005509882637707806
CA3389911714619860529,1986,1991,-0.041584144510455924
CA4184912355119870830,1987,1991,-0.14324472666859128
CA3600012102719870707,1987,1991,-0.052600820493170365
CA3362611673419880602,1988,1991,-0.04952193515433446
CA3879412296619880824,1988,1991,-0.11889244572513655
CA3407511899419891029,1989,1991,0.0023106144583706347
CA3464911838419890628,1989,1991,-0.03016572210226256
CA4033912181119900809,1990,1991,-0.06402927402726077
CA3305811714419900910,1990,1991,0.04837829252843143
CA3655211908319910922,1991,1991,-0.0702357473974651
CA3876512278719911020,1991,1991,-0.23607650267023556
CA3592712121419920821,1992,1991,-0.04361698491436536
CA3622012145819920801,1992,1991,-0.13717330731121366
CA3411411897719931026,1993,1991,-0.06311725944610198
CA3407011864919931102,1993,1991,-0.10545016668805243
CA3765511953619940809,1994,1991,-0.10417684168257861
CA3715011953419940912,1994,1991,-0.03984640760863627
CA3805012286419951003,1995,1991,-0.18917948391850348
CA3515211854719950829,1995,1991,-0.04302358736189232
CA3520911991019960520,1996,1991,-0.07606259371499037
CA3791311981819960814,1996,1991,-0.18151793363829857
CA3344711729819970904,1997,1991,-0.09836257449630637
CA3471012049419970927,1997,1991,-0.057264708819606186
CA3442211887219981018,1998,1991,-0.07935342951415982
CA3688212081319980710,1998,1991,0.01916966542715285
CA3975712171519990823,1999,1991,-0.10865823295970116
CA3784511998419990823,1999,1991,-0.17356671582151925
CA3625712072920000803,2000,1991,-0.09247262844124196
CA3771612024820000702,2000,1991,-0.04023151148296188
CA3777211886020010702,2001,1991,-0.027537450909035165
CA3396111727920010623,2001,1991,-0.004450590273331282
CA4146112251620020713,2002,1991,-0.12456047652262874
CA3474011878120020618,2002,1991,-0.018911414966455996
CA3500511465220030716,2003,1991,-0.1032445843377275
CA3976112013320030720,2003,1991,0.010007962427295338
CA3796411972720041015,2004,1991,-0.11394187542969259
CA3376011738120040503,2004,1991,-0.01954606679329488
CA3937412284420050809,2005,1991,-0.17036689880647374
CA3508611531720050622,2005,1991,-0.014219766845056868
CA3605012069320060722,2006,1991,-0.05054962445734566
CA3528111983720060711,2006,1991,-0.07114424965363429
CA3338411718020071022,2007,1991,-0.09226675010277245
CA3757311966320071029,2007,1991,-0.22233492079274103
CA3976512124820080622,2008,1991,-0.30234682926003326
CA3391911775320081115,2008,1991,-0.07092732883636224
CA4156612316620090821,2009,1991,-0.1841302492772792
CA3419711786020090825,2009,1991,-0.15307047645678865
CA3334311736220100713,2010,1991,0.002921707643615377
CA3790211905120100726,2010,1991,0.00693944109586433
CA3309811647820111001,2011,1991,-0.09354229708441725
CA3713411828320110913,2011,1991,-0.005785430442980325
CA3355611691120120814,2012,1991,-0.042096241936966323
CA3260811624320120517,2012,1991,-0.009188798156102776
CA4018812160120130501,2013,1991,-0.22071424189836125
CA3881312282620131122,2013,1991,-0.13723245391541883
CA3976812365020140730,2014,1991,-0.30943388201627026
CA4122712136220140731,2014,1991,-0.18167359891284016
CA3745411858420150206,2015,1991,-0.0036399929820794645
CA4016812363920150730,2015,1991,-0.25231417302366205
CA3779911892220160804,2016,1991,-0.07111922507360913
CA3436911855620160709,2016,1991,-0.11379948274469653
CA4145212338020170811,2017,1991,-0.28334500642813665
CA3589912026320170710,2017,1991,-0.062077924709294255
CA3906012314020180727,2018,1991,-0.14881776801747434
CA3511712010020180819,2018,1991,-0.04006520207144771
CA3892812226620190608,2019,1991,-0.08868342549039619
CA3433711905320191031,2019,1991,-0.06822752912477752
CA4185812335420200908,2020,1991,-0.2554858259933675
CA3375311768720201026,2020,1991,-0.06398720052144329
CA4156412340420210801,2021,1991,-0.22061463414730156
CA3658211879520210912,2021,1991,-0.19565097783025479
CA3633311865120220803,2022,1991,-0.12410380433199605
CA4090712359920220805,2022,1991,-0.2906115537989375
CA3389011707120230714,2023,1991,-0.04136018541822029
CA3806111999220230909,2023,1991,-0.1603015418493342
CA3589912013419840525,1984,1992,-0.05005575084260216
CA3631411886919840821,1984,1992,-0.11381144993014568
CA4095612245219850718,1985,1992,-0.16531594190465074
CA4059212068919850708,1985,1992,-0.014512599564892564
CA3665912086319860602,1986,1992,-0.02768223652331312
CA3389911714619860529,1986,1992,0.029909998896366106
CA4184912355119870830,1987,1992,-0.14476207908530997
CA3600012102719870707,1987,1992,-0.0683644237935875
CA3362611673419880602,1988,1992,-0.054434413412551695
CA3879412296619880824,1988,1992,-0.11141582649428258
CA3407511899419891029,1989,1992,-0.05473212754339609
CA3464911838419890628,1989,1992,-0.03364091832132749
CA4033912181119900809,1990,1992,-0.06925056748371217
CA3305811714419900910,1990,1992,0.007427979486254926
CA3655211908319910922,1991,1992,-0.06530229816284538
CA3876512278719911020,1991,1992,-0.10200443879867177
CA3592712121419920821,1992,1992,-0.02865411595320885
CA3622012145819920801,1992,1992,0.009770072361952292
CA3411411897719931026,1993,1992,-0.07486359524372421
CA3407011864919931102,1993,1992,-0.12727483515137542
CA3765511953619940809,1994,1992,-0.11292325286536768
CA3715011953419940912,1994,1992,-0.07049221418691536
CA3805012286419951003,1995,1992,-0.19262546402613673
CA3515211854719950829,1995,1992,-0.053314096527833074
CA3520911991019960520,1996,1992,0.006672315378862049
CA3791311981819960814,1996,1992,-0.17641694753897322
CA3344711729819970904,1997,1992,-0.09618554003328031
CA3471012049419970927,1997,1992,-0.05669641903700185
CA3442211887219981018,1998,1992,-0.038316573419103654
CA3688212081319980710,1998,1992,-0.052544818044764796
CA3975712171519990823,1999,1992,-0.11434251583217106
CA3784511998419990823,1999,1992,-0.166519126606975
CA3625712072920000803,2000,1992,-0.07601552893896263
CA3771612024820000702,2000,1992,-0.04709216634180221
CA3777211886020010702,2001,1992,-0.033738834692102315
CA3396111727920010623,2001,1992,0.05067909554735362
CA4146112251620020713,2002,1992,-0.11339290956023818
CA3474011878120020618,2002,1992,-0.055462187825721876
CA3500511465220030716,2003,1992,-0.14259216038844946
CA3976112013320030720,2003,1992,0.0472979941792308
CA3796411972720041015,2004,1992,-0.10415502963365883
CA3376011738120040503,2004,1992,0.01662682427710211
CA3937412284420050809,2005,1992,-0.16259596257279416
CA3508611531720050622,2005,1992,-0.017818231660018172
CA3605012069320060722,2006,1992,-0.057139937756580335
CA3528111983720060711,2006,1992,-0.011361840740129234
CA3338411718020071022,2007,1992,-0.08730277513792194
CA3757311966320071029,2007,1992,-0.21619775283645723
CA3976512124820080622,2008,1992,-0.26859051274587215
CA3391911775320081115,2008,1992,-0.01848871681751378
CA4156612316620090821,2009,1992,-0.1795727912621753
CA3419711786020090825,2009,1992,-0.12946216591778953
CA3334311736220100713,2010,1992,0.025229428488578155
CA3790211905120100726,2010,1992,0.0014393231988226083
CA3309811647820111001,2011,1992,-0.09615439905473902
CA3713411828320110913,2011,1992,-0.007060876749916414
CA3355611691120120814,2012,1992,-0.029665240680857664
CA3260811624320120517,2012,1992,-0.002641469437170664
CA4018812160120130501,2013,1992,-0.21729567688577162
CA3881312282620131122,2013,1992,-0.12421686927140517
CA3976812365020140730,2014,1992,-0.3021626089162183
CA4122712136220140731,2014,1992,-0.16431304876922842
CA3745411858420150206,2015,1992,-0.005765084411077279
CA4016812363920150730,2015,1992,-0.2331999703329073
CA3779911892220160804,2016,1992,-0.06738030602562575
CA3436911855620160709,2016,1992,-0.07454460805323784
CA4145212338020170811,2017,1992,-0.28046591822362593
CA3589912026320170710,2017,1992,-0.08497634065078591
CA3906012314020180727,2018,1992,-0.14145057623771318
CA3511712010020180819,2018,1992,-0.008133489798516693
CA3892812226620190608,2019,1992,-0.09449229691191745
CA3433711905320191031,2019,1992,-0.029289510091838868
CA4185812335420200908,2020,1992,-0.24723766378458586
CA3375311768720201026,2020,1992,-0.028833232798731463
CA4156412340420210801,2021,1992,-0.2204856488055574
CA3658211879520210912,2021,1992,-0.18048687747333922
CA3633311865120220803,2022,1992,-0.11595167785127802
CA4090712359920220805,2022,1992,-0.2790422497331859
CA3389011707120230714,2023,1992,0.025976561268293997
CA3806111999220230909,2023,1992,-0.1554057849430689
CA3589912013419840525,1984,1993,-0.08101297616324943
CA3631411886919840821,1984,1993,-0.15821717030881408
CA4095612245219850718,1985,1993,-0.19509665619140568
CA4059212068919850708,1985,1993,-0.040858394504452354
CA3665912086319860602,1986,1993,-0.05103808235670779
CA3389911714619860529,1986,1993,0.012495136572698892
CA4184912355119870830,1987,1993,-0.1467045254880085
CA3600012102719870707,1987,1993,-0.08290070801795932
CA3362611673419880602,1988,1993,-0.08202018930159541
CA3879412296619880824,1988,1993,-0.14924622595175627
CA3407511899419891029,1989,1993,-0.09115799277292616
CA3464911838419890628,1989,1993,-0.08734323246807674
CA4033912181119900809,1990,1993,-0.09603499369132645
CA3305811714419900910,1990,1993,-0.014431011194834411
CA3655211908319910922,1991,1993,-0.08299256533504595
CA3876512278719911020,1991,1993,-0.16723232115761866
CA3592712121419920821,1992,1993,-0.016339908604565072
CA3622012145819920801,1992,1993,-0.04809839056657632
CA3411411897719931026,1993,1993,-0.08519231145371596
CA3407011864919931102,1993,1993,-0.14694187271625755
CA3765511953619940809,1994,1993,-0.1152570908050582
CA3715011953419940912,1994,1993,-0.08271661033540856
CA3805012286419951003,1995,1993,-0.2118391293484295
CA3515211854719950829,1995,1993,-0.07328378058193635
CA3520911991019960520,1996,1993,-0.07601305985412161
CA3791311981819960814,1996,1993,-0.19232182122363065
CA3344711729819970904,1997,1993,-0.1188742493322226
CA3471012049419970927,1997,1993,-0.08005462516832057
CA3442211887219981018,1998,1993,-0.06095950058796281
CA3688212081319980710,1998,1993,-0.009237782536344597
CA3975712171519990823,1999,1993,-0.11391688654765526
CA3784511998419990823,1999,1993,-0.18796996947765518
CA3625712072920000803,2000,1993,-0.12331603858562923
CA3771612024820000702,2000,1993,-0.07013315171855908
CA3777211886020010702,2001,1993,-0.05970607476330816
CA3396111727920010623,2001,1993,0.030892282070259437
CA4146112251620020713,2002,1993,-0.11995930604747047
CA3474011878120020618,2002,1993,-0.07295107992932985
CA3500511465220030716,2003,1993,-0.1315796801571262
CA3976112013320030720,2003,1993,-0.00689774885953676
CA3796411972720041015,2004,1993,-0.1183300908513014
CA3376011738120040503,2004,1993,-0.009312005569699184
CA3937412284420050809,2005,1993,-0.18809745872431888
CA3508611531720050622,2005,1993,-0.020781947505557365
CA3605012069320060722,2006,1993,-0.06855441564894131
CA3528111983720060711,2006,1993,-0.07963157769318152
CA3338411718020071022,2007,1993,-0.10346575153231946
CA3757311966320071029,2007,1993,-0.22531353573561205
CA3976512124820080622,2008,1993,-0.2989292605657214
CA3391911775320081115,2008,1993,-0.05677029387642848
CA4156612316620090821,2009,1993,-0.19090128817348448
CA3419711786020090825,2009,1993,-0.16208338858432908
CA3334311736220100713,2010,1993,-0.016588253357576997
CA3790211905120100726,2010,1993,-0.002477934534580218
CA3309811647820111001,2011,1993,-0.11502603303869526
CA3713411828320110913,2011,1993,-0.02365306995901768
CA3355611691120120814,2012,1993,-0.04989559480684802
CA3260811624320120517,2012,1993,-0.01692681233244498
CA4018812160120130501,2013,1993,-0.23290393096383372
CA3881312282620131122,2013,1993,-0.14560600820846192
CA3976812365020140730,2014,1993,-0.31809658917894906
CA4122712136220140731,2014,1993,-0.16424329774997143
CA3745411858420150206,2015,1993,-0.014602407265465833
CA4016812363920150730,2015,1993,-0.25536640411358047
CA3779911892220160804,2016,1993,-0.07521189919652324
CA3436911855620160709,2016,1993,-0.09037841955239806
CA4145212338020170811,2017,1993,-0.28885355655584244
CA3589912026320170710,2017,1993,-0.09488219408049976
CA3906012314020180727,2018,1993,-0.17727585334347415
CA3511712010020180819,2018,1993,-0.06381626748748988
CA3892812226620190608,2019,1993,-0.10785376059926322
CA3433711905320191031,2019,1993,-0.04399232874166194
CA4185812335420200908,2020,1993,-0.24967816793776904
CA3375311768720201026,2020,1993,-0.06253659780070163
CA4156412340420210801,2021,1993,-0.2313352224075476
CA3658211879520210912,2021,1993,-0.19762643496589616
CA3633311865120220803,2022,1993,-0.11300050493959425
CA4090712359920220805,2022,1993,-0.2939053291763688
CA3389011707120230714,2023,1993,-0.01493126087549114
CA3806111999220230909,2023,1993,-0.16281677193263558
CA3589912013419840525,1984,1994,0.040132291955667386
CA3631411886919840821,1984,1994,-0.1545005128957991
CA4095612245219850718,1985,1994,-0.18531126503186945
CA4059212068919850708,1985,1994,-0.035033430228389846
CA3665912086319860602,1986,1994,0.05869474195239945
CA3389911714619860529,1986,1994,0.05325417501261854
CA4184912355119870830,1987,1994,-0.15781002444672124
CA3600012102719870707,1987,1994,-0.030217393210248494
CA3362611673419880602,1988,1994,-0.0740246103886741
CA3879412296619880824,1988,1994,-0.14160941623924228
CA3407511899419891029,1989,1994,-0.022046589149802603
CA3464911838419890628,1989,1994,-0.04696741391722587
CA4033912181119900809,1990,1994,-0.09611455248297213
CA3305811714419900910,1990,1994,-0.03749588521380566
CA3655211908319910922,1991,1994,-0.05131262164104682
CA3876512278719911020,1991,1994,-0.16000970796775266
CA3592712121419920821,1992,1994,-0.0005645159337045663
CA3622012145819920801,1992,1994,-0.07316611947300196
CA3411411897719931026,1993,1994,-0.01221491485853087
CA3407011864919931102,1993,1994,-0.04317212778947909
CA3765511953619940809,1994,1994,-0.06582323038418059
CA3715011953419940912,1994,1994,-0.04153640673219197
CA3805012286419951003,1995,1994,-0.21581383903743942
CA3515211854719950829,1995,1994,-0.017219875655506887
CA3520911991019960520,1996,1994,0.12179345143591028
CA3791311981819960814,1996,1994,-0.1812173531659447
CA3344711729819970904,1997,1994,-0.11397770747319805
CA3471012049419970927,1997,1994,-0.06860420027328536
CA3442211887219981018,1998,1994,-0.03974060660461789
CA3688212081319980710,1998,1994,0.04184119367468792
CA3975712171519990823,1999,1994,-0.10933084929373804
CA3784511998419990823,1999,1994,-0.16394810331095316
CA3625712072920000803,2000,1994,-0.07775393909186909
CA3771612024820000702,2000,1994,-0.04329248704215585
CA3777211886020010702,2001,1994,-0.054924022756984714
CA3396111727920010623,2001,1994,0.02630754511908251
CA4146112251620020713,2002,1994,-0.11424728365585776
CA3474011878120020618,2002,1994,-0.031584184415784
CA3500511465220030716,2003,1994,-0.10732925294846532
CA3976112013320030720,2003,1994,0.02011372536916689
CA3796411972720041015,2004,1994,-0.1134920217712483
CA3376011738120040503,2004,1994,0.017260843767473187
CA3937412284420050809,2005,1994,-0.16636465385389843
CA3508611531720050622,2005,1994,-0.0019298282327452523
CA3605012069320060722,2006,1994,-0.01402848243109676
CA3528111983720060711,2006,1994,0.03854603915553108
CA3338411718020071022,2007,1994,-0.10950200942917686
CA3757311966320071029,2007,1994,-0.22644424767780946
CA3976512124820080622,2008,1994,-0.2873481523092409
CA3391911775320081115,2008,1994,-0.04576025598226086
CA4156612316620090821,2009,1994,-0.18826941218840273
CA3419711786020090825,2009,1994,-0.14806657225600364
CA3334311736220100713,2010,1994,-0.008942982371122295
CA3790211905120100726,2010,1994,-0.008495357607806056
CA3309811647820111001,2011,1994,-0.08856983541484022
CA3713411828320110913,2011,1994,-0.002717543794221379
CA3355611691120120814,2012,1994,-0.04029891963236932
CA3260811624320120517,2012,1994,-0.003005456840801266
CA4018812160120130501,2013,1994,-0.2275810151880919
CA3881312282620131122,2013,1994,-0.14336646244508314
CA3976812365020140730,2014,1994,-0.32009249117048816
CA4122712136220140731,2014,1994,-0.1641201631345778
CA3745411858420150206,2015,1994,-0.008846741514138029
CA4016812363920150730,2015,1994,-0.2608878241986072
CA3779911892220160804,2016,1994,-0.08007867184023758
CA3436911855620160709,2016,1994,-0.055148557144835436
CA4145212338020170811,2017,1994,-0.29235399582843347
CA3589912026320170710,2017,1994,-0.03963821465743433
CA3906012314020180727,2018,1994,-0.1534838122258141
CA3511712010020180819,2018,1994,-0.01935177692873108
CA3892812226620190608,2019,1994,-0.09417395225574536
CA3433711905320191031,2019,1994,-0.03894905423486232
CA4185812335420200908,2020,1994,-0.26795429916228064
CA3375311768720201026,2020,1994,-0.039194637757716456
CA4156412340420210801,2021,1994,-0.23753931702958672
CA3658211879520210912,2021,1994,-0.18957401311581767
CA3633311865120220803,2022,1994,-0.11867585313832603
CA4090712359920220805,2022,1994,-0.2997790849461413
CA3389011707120230714,2023,1994,0.011467755992902671
CA3806111999220230909,2023,1994,-0.1612713088163265
CA3589912013419840525,1984,1995,-0.12200271729779882
CA3631411886919840821,1984,1995,-0.19371085736054924
CA4095612245219850718,1985,1995,-0.2200642205411479
CA4059212068919850708,1985,1995,-0.062375530745422056
CA3665912086319860602,1986,1995,-0.018073044870620822
CA3389911714619860529,1986,1995,-0.009238010501373461
CA4184912355119870830,1987,1995,-0.16893506657980814
CA3600012102719870707,1987,1995,-0.10746512736270923
CA3362611673419880602,1988,1995,-0.11825587463683297
CA3879412296619880824,1988,1995,-0.16426320625904417
CA3407511899419891029,1989,1995,-0.07301734450787192
CA3464911838419890628,1989,1995,-0.11106821287663912
CA4033912181119900809,1990,1995,-0.1319424369226424
CA3305811714419900910,1990,1995,-0.0661495414742749
CA3655211908319910922,1991,1995,-0.10099513994219805
CA3876512278719911020,1991,1995,-0.21070517305657988
CA3592712121419920821,1992,1995,-0.03204610808193716
CA3622012145819920801,1992,1995,-0.11073113430318036
CA3411411897719931026,1993,1995,-0.0694531142758413
CA3407011864919931102,1993,1995,-0.10167440230811182
CA3765511953619940809,1994,1995,-0.06330467355672778
CA3715011953419940912,1994,1995,-0.08827153347776374
CA3805012286419951003,1995,1995,-0.2247917656229778
CA3515211854719950829,1995,1995,-0.09256154558956986
CA3520911991019960520,1996,1995,-0.04151586935883549
CA3791311981819960814,1996,1995,-0.1923768760614362
CA3344711729819970904,1997,1995,-0.13274999025359546
CA3471012049419970927,1997,1995,-0.11519981992202818
CA3442211887219981018,1998,1995,-0.09317951266353777
CA3688212081319980710,1998,1995,-0.028879669404904697
CA3975712171519990823,1999,1995,-0.13857094373779197
CA3784511998419990823,1999,1995,-0.20434965536808086
CA3625712072920000803,2000,1995,-0.14115272101389206
CA3771612024820000702,2000,1995,-0.09311190225835242
CA3777211886020010702,2001,1995,-0.09241655721000204
CA3396111727920010623,2001,1995,0.004172601914309624
CA4146112251620020713,2002,1995,-0.126031007231458
CA3474011878120020618,2002,1995,-0.09113688428525524
CA3500511465220030716,2003,1995,-0.13200798813798606
CA3976112013320030720,2003,1995,-0.02444045846975146
CA3796411972720041015,2004,1995,-0.12490920935383754
CA3376011738120040503,2004,1995,0.008600355447616745
CA3937412284420050809,2005,1995,-0.2039965380566007
CA3508611531720050622,2005,1995,-0.028964544003909656
CA3605012069320060722,2006,1995,-0.07944563721712347
CA3528111983720060711,2006,1995,-0.000663916278219174
CA3338411718020071022,2007,1995,-0.133356641476347
CA3757311966320071029,2007,1995,-0.22421225313721047
CA3976512124820080622,2008,1995,-0.2994477914410136
CA3391911775320081115,2008,1995,-0.08695922215641677
CA4156612316620090821,2009,1995,-0.1851899538052547
CA3419711786020090825,2009,1995,-0.18700507280040948
CA3334311736220100713,2010,1995,-0.025033939325134227
CA3790211905120100726,2010,1995,-0.03001404779399817
CA3309811647820111001,2011,1995,-0.12415729552715017
CA3713411828320110913,2011,1995,-0.03427815975516408
CA3355611691120120814,2012,1995,-0.0810502639645724
CA3260811624320120517,2012,1995,-0.04110575445791474
CA4018812160120130501,2013,1995,-0.2009995911844456
CA3881312282620131122,2013,1995,-0.16479443783750503
CA3976812365020140730,2014,1995,-0.3230759909363304
CA4122712136220140731,2014,1995,-0.17036306310351237
CA3745411858420150206,2015,1995,-0.050370850774983066
CA4016812363920150730,2015,1995,-0.26243355023989207
CA3779911892220160804,2016,1995,-0.09180041813563677
CA3436911855620160709,2016,1995,-0.11157636663768497
CA4145212338020170811,2017,1995,-0.2966126103663432
CA3589912026320170710,2017,1995,-0.10956128708375479
CA3906012314020180727,2018,1995,-0.19643940748818656
CA3511712010020180819,2018,1995,-0.06759399949785629
CA3892812226620190608,2019,1995,-0.1300360273834586
CA3433711905320191031,2019,1995,-0.08063814242038563
CA4185812335420200908,2020,1995,-0.26688204352623446
CA3375311768720201026,2020,1995,-0.08932871272119632
CA4156412340420210801,2021,1995,-0.24065880936948925
CA3658211879520210912,2021,1995,-0.2116565745329645
CA3633311865120220803,2022,1995,-0.14052657885696
CA4090712359920220805,2022,1995,-0.29986904786192087
CA3389011707120230714,2023,1995,-0.04373042416676065
CA3806111999220230909,2023,1995,-0.17186015328587176
CA3589912013419840525,1984,1996,-0.02446134185682511
CA3631411886919840821,1984,1996,-0.16139373436419696
CA4095612245219850718,1985,1996,-0.21603075153680484
CA4059212068919850708,1985,1996,-0.03999598990364467
CA3665912086319860602,1986,1996,-0.036268572436302327
CA3389911714619860529,1986,1996,0.05656390455338401
CA4184912355119870830,1987,1996,-0.16785650792816392
CA3600012102719870707,1987,1996,-0.07724053142400857
CA3362611673419880602,1988,1996,-0.05710378586123354
CA3879412296619880824,1988,1996,-0.17248495843757602
CA3407511899419891029,1989,1996,-0.032392015641781166
CA3464911838419890628,1989,1996,-0.0788892154366933
CA4033912181119900809,1990,1996,-0.10717515141608915
CA3305811714419900910,1990,1996,-0.0010028954725017903
CA3655211908319910922,1991,1996,-0.08529931441599248
CA3876512278719911020,1991,1996,-0.19227764319232402
CA3592712121419920821,1992,1996,-0.01231108479820629
CA3622012145819920801,1992,1996,-0.13096031477229128
CA3411411897719931026,1993,1996,-0.04819993403750188
CA3407011864919931102,1993,1996,-0.10359607615283627
CA3765511953619940809,1994,1996,-0.07633159602014192
CA3715011953419940912,1994,1996,-0.06295572071115456
CA3805012286419951003,1995,1996,-0.15571747182246173
CA3515211854719950829,1995,1996,-0.006356434426270499
CA3520911991019960520,1996,1996,0.1267940532196682
CA3791311981819960814,1996,1996,-0.14965932045760488
CA3344711729819970904,1997,1996,-0.10092191716985532
CA3471012049419970927,1997,1996,-0.08820155931143318
CA3442211887219981018,1998,1996,-0.06585233394477569
CA3688212081319980710,1998,1996,0.10694304976559046
CA3975712171519990823,1999,1996,-0.11841729717716716
CA3784511998419990823,1999,1996,-0.17518500223011202
CA3625712072920000803,2000,1996,-0.1121964964465858
CA3771612024820000702,2000,1996,-0.055556505930302647
CA3777211886020010702,2001,1996,-0.08217115636021524
CA3396111727920010623,2001,1996,0.009885860072569724
CA4146112251620020713,2002,1996,-0.1312859344152776
CA3474011878120020618,2002,1996,-0.004090348036834567
CA3500511465220030716,2003,1996,-0.10737636847559813
CA3976112013320030720,2003,1996,-0.009027852223732709
CA3796411972720041015,2004,1996,-0.11146921375039576
CA3376011738120040503,2004,1996,0.02087388510979089
CA3937412284420050809,2005,1996,-0.18433290537914018
CA3508611531720050622,2005,1996,0.005241775333241372
CA3605012069320060722,2006,1996,-0.06410779628393103
CA3528111983720060711,2006,1996,0.03755865006112491
CA3338411718020071022,2007,1996,-0.10047452579076908
CA3757311966320071029,2007,1996,-0.23575335170267184
CA3976512124820080622,2008,1996,-0.3019102102893324
CA3391911775320081115,2008,1996,-0.06196126849598062
CA4156612316620090821,2009,1996,-0.19267671913941872
CA3419711786020090825,2009,1996,-0.1582361682502807
CA3334311736220100713,2010,1996,0.03594431475174533
CA3790211905120100726,2010,1996,-0.012913623380081231
CA3309811647820111001,2011,1996,-0.07890990988632092
CA3713411828320110913,2011,1996,-0.029875103156542033
CA3355611691120120814,2012,1996,-0.02441762161424452
CA3260811624320120517,2012,1996,0.0010754866759750507
CA4018812160120130501,2013,1996,-0.19976693587406685
CA3881312282620131122,2013,1996,-0.14822512202346835
CA3976812365020140730,2014,1996,-0.3317712207203642
CA4122712136220140731,2014,1996,-0.1682789231862976
CA3745411858420150206,2015,1996,-0.04007683206704427
CA4016812363920150730,2015,1996,-0.28366393772524573
CA3779911892220160804,2016,1996,-0.08991970152733635
CA3436911855620160709,2016,1996,-0.06764734605989772
CA4145212338020170811,2017,1996,-0.297614188596544
CA3589912026320170710,2017,1996,-0.08243909783904126
CA3906012314020180727,2018,1996,-0.17343235095508505
CA3511712010020180819,2018,1996,-0.050230864444182406
CA3892812226620190608,2019,1996,-0.12427283844265642
CA3433711905320191031,2019,1996,-0.03647132014471207
CA4185812335420200908,2020,1996,-0.2716089182949199
CA3375311768720201026,2020,1996,-0.06122878225831302
CA4156412340420210801,2021,1996,-0.24504136362530482
CA3658211879520210912,2021,1996,-0.2019059218461709
CA3633311865120220803,2022,1996,-0.12240418812689594
CA4090712359920220805,2022,1996,-0.31478078529771936
CA3389011707120230714,2023,1996,0.004156548982913224
CA3806111999220230909,2023,1996,-0.17036549876676238
CA3589912013419840525,1984,1997,-0.11154659668756442
CA3631411886919840821,1984,1997,-0.165631738148706
CA4095612245219850718,1985,1997,-0.21276247493270234
CA4059212068919850708,1985,1997,-0.034076985986096126
CA3665912086319860602,1986,1997,-0.03696711016322755
CA3389911714619860529,1986,1997,0.05347352014783082
CA4184912355119870830,1987,1997,-0.1769456223773304
CA3600012102719870707,1987,1997,-0.08805129716864306
CA3362611673419880602,1988,1997,-0.06696123954376279
CA3879412296619880824,1988,1997,-0.13042961101222053
CA3407511899419891029,1989,1997,-0.029637974916128355
CA3464911838419890628,1989,1997,-0.07524235068986265
CA4033912181119900809,1990,1997,-0.10862406787889693
CA3305811714419900910,1990,1997,-0.037793615090659496
CA3655211908319910922,1991,1997,-0.07925444664958471
CA3876512278719911020,1991,1997,-0.18686083758565775
CA3592712121419920821,1992,1997,-0.07591114740879246
CA3622012145819920801,1992,1997,-0.11852073125017225
CA3411411897719931026,1993,1997,-0.03735098697688471
CA3407011864919931102,1993,1997,-0.07914620701977094
CA3765511953619940809,1994,1997,-0.06690382678693278
CA3715011953419940912,1994,1997,-0.04263592501348128
CA3805012286419951003,1995,1997,-0.11309306730691801
CA3515211854719950829,1995,1997,-0.012677793995559973
CA3520911991019960520,1996,1997,-0.07433166690054538
CA3791311981819960814,1996,1997,-0.07487505499042595
CA3344711729819970904,1997,1997,-0.0998499438167772
CA3471012049419970927,1997,1997,-0.06454484905807635
CA3442211887219981018,1998,1997,-0.05502595238458604
CA3688212081319980710,1998,1997,-0.10254769344364335
CA3975712171519990823,1999,1997,-0.10624646265249335
CA3784511998419990823,1999,1997,-0.1660705877682296
CA3625712072920000803,2000,1997,-0.12598044522808394
CA3771612024820000702,2000,1997,-0.057417477866774716
CA3777211886020010702,2001,1997,-0.07106066967579053
CA3396111727920010623,2001,1997,0.017951579934166767
CA4146112251620020713,2002,1997,-0.1259379205798209
CA3474011878120020618,2002,1997,0.003593189453738238
CA3500511465220030716,2003,1997,-0.10025103771017077
CA3976112013320030720,2003,1997,0.016121837909213788
CA3796411972720041015,2004,1997,-0.11187977417016765
CA3376011738120040503,2004,1997,0.007378468506310206
CA3937412284420050809,2005,1997,-0.1859973814936502
CA3508611531720050622,2005,1997,0.007583328603531849
CA3605012069320060722,2006,1997,-0.07962797881535064
CA3528111983720060711,2006,1997,-0.06825534767197057
CA3338411718020071022,2007,1997,-0.10003253611374423
CA3757311966320071029,2007,1997,-0.23923461405896126
CA3976512124820080622,2008,1997,-0.3091930218910025
CA3391911775320081115,2008,1997,-0.051806138461729025
CA4156612316620090821,2009,1997,-0.19539606412033692
CA3419711786020090825,2009,1997,-0.07909520965989829
CA3334311736220100713,2010,1997,-0.02629411030577692
CA3790211905120100726,2010,1997,-0.012936963677970191
CA3309811647820111001,2011,1997,-0.05040487186047392
CA3713411828320110913,2011,1997,-0.018633521700187103
CA3355611691120120814,2012,1997,-0.035755078990035175
CA3260811624320120517,2012,1997,0.005847796880458807
CA4018812160120130501,2013,1997,-0.2109234401817686
CA3881312282620131122,2013,1997,-0.10097328751150395
CA3976812365020140730,2014,1997,-0.3287170864680833
CA4122712136220140731,2014,1997,-0.16709401910216637
CA3745411858420150206,2015,1997,-0.021761498886714355
CA4016812363920150730,2015,1997,-0.2508304901528994
CA3779911892220160804,2016,1997,-0.08957929350505335
CA3436911855620160709,2016,1997,-0.060039902855155015
CA4145212338020170811,2017,1997,-0.30043925276660116
CA3589912026320170710,2017,1997,-0.09427201471183519
CA3906012314020180727,2018,1997,-0.15209389903637474
CA3511712010020180819,2018,1997,0.09118984626405242
CA3892812226620190608,2019,1997,-0.11237691112024785
CA3433711905320191031,2019,1997,-0.022723109980675244
CA4185812335420200908,2020,1997,-0.2754071361034861
CA3375311768720201026,2020,1997,-0.023983807021124803
CA4156412340420210801,2021,1997,-0.2487069265510958
CA3658211879520210912,2021,1997,-0.19419614155572407
CA3633311865120220803,2022,1997,-0.11668035837949509
CA4090712359920220805,2022,1997,-0.30895859494768957
CA3389011707120230714,2023,1997,-0.01694195125106114
CA3806111999220230909,2023,1997,-0.17457429826507814
CA3589912013419840525,1984,1998,-0.07310372450016842
CA3631411886919840821,1984,1998,-0.19642003806731972
CA4095612245219850718,1985,1998,-0.21345747008354762
CA4059212068919850708,1985,1998,-0.05782624104981693
CA3665912086319860602,1986,1998,-0.05113176588452098
CA3389911714619860529,1986,1998,-0.026383257281735056
CA4184912355119870830,1987,1998,-0.18058819461329656
CA3600012102719870707,1987,1998,-0.13565063410732897
CA3362611673419880602,1988,1998,-0.11445670007905996
CA3879412296619880824,1988,1998,-0.18465650007735881
CA3407511899419891029,1989,1998,-0.10604008477557593
CA3464911838419890628,1989,1998,-0.14811120889812782
CA4033912181119900809,1990,1998,-0.12342883984170042
CA3305811714419900910,1990,1998,-0.06941461951696849
CA3655211908319910922,1991,1998,-0.10314566228663252
CA3876512278719911020,1991,1998,-0.22800412601504286
CA3592712121419920821,1992,1998,-0.0686279998667025
CA3622012145819920801,1992,1998,-0.1688779955018745
CA3411411897719931026,1993,1998,-0.12053828181332629
CA3407011864919931102,1993,1998,-0.17862031507842197
CA3765511953619940809,1994,1998,-0.07238730692126259
CA3715011953419940912,1994,1998,-0.11578967173973971
CA3805012286419951003,1995,1998,-0.2575656883351068
CA3515211854719950829,1995,1998,-0.08854395126643069
CA3520911991019960520,1996,1998,-0.05275882216405926
CA3791311981819960814,1996,1998,-0.09610735975795852
CA3344711729819970904,1997,1998,-0.03136694775941279
CA3471012049419970927,1997,1998,-0.014766606622154212
CA3442211887219981018,1998,1998,-0.1167815660566073
CA3688212081319980710,1998,1998,0.08688331309667834
CA3975712171519990823,1999,1998,-0.1336404949898511
CA3784511998419990823,1999,1998,-0.1995591626706468
CA3625712072920000803,2000,1998,-0.16845926849080275
CA3771612024820000702,2000,1998,-0.08583894366544015
CA3777211886020010702,2001,1998,-0.09308426376042303
CA3396111727920010623,2001,1998,-0.027883112527035823
CA4146112251620020713,2002,1998,-0.1269567320965933
CA3474011878120020618,2002,1998,-0.08702152912540903
CA3500511465220030716,2003,1998,-0.1297844432508722
CA3976112013320030720,2003,1998,-0.004288837950746469
CA3796411972720041015,2004,1998,-0.1227102542326119
CA3376011738120040503,2004,1998,-0.028539549322368025
CA3937412284420050809,2005,1998,-0.20363421242932697
CA3508611531720050622,2005,1998,-0.02178926554377219
CA3605012069320060722,2006,1998,-0.10860651645785052
CA3528111983720060711,2006,1998,-0.0455511731229893
CA3338411718020071022,2007,1998,-0.12256822258812122
CA3757311966320071029,2007,1998,-0.2449676261835857
CA3976512124820080622,2008,1998,-0.3025581028058177
CA3391911775320081115,2008,1998,-0.09919459321104403
CA4156612316620090821,2009,1998,-0.20608595749228675
CA3419711786020090825,2009,1998,-0.18215570608281137
CA3334311736220100713,2010,1998,0.008751396103511873
CA3790211905120100726,2010,1998,-0.022956874978880215
CA3309811647820111001,2011,1998,-0.11359969340883545
CA3713411828320110913,2011,1998,-0.027830073854215744
CA3355611691120120814,2012,1998,-0.08668744518307109
CA3260811624320120517,2012,1998,-0.026255641950489083
CA4018812160120130501,2013,1998,-0.21724568262603075
CA3881312282620131122,2013,1998,-0.1617778569969802
CA3976812365020140730,2014,1998,-0.3273992280806189
CA4122712136220140731,2014,1998,-0.18080753677429612
CA3745411858420150206,2015,1998,-0.033268212006503595
CA4016812363920150730,2015,1998,-0.2794617043685801
CA3779911892220160804,2016,1998,-0.08120616695450085
CA3436911855620160709,2016,1998,-0.15390370145348514
CA4145212338020170811,2017,1998,-0.3094924136558298
CA3589912026320170710,2017,1998,-0.1166795503195135
CA3906012314020180727,2018,1998,-0.19601969823425308
CA3511712010020180819,2018,1998,-0.015261355217192461
CA3892812226620190608,2019,1998,-0.13925463442505492
CA3433711905320191031,2019,1998,-0.08641354565561807
CA4185812335420200908,2020,1998,-0.2820284494940223
CA3375311768720201026,2020,1998,-0.0878427747448312
CA4156412340420210801,2021,1998,-0.2593178648272301
CA3658211879520210912,2021,1998,-0.22135334205015494
CA3633311865120220803,2022,1998,-0.1337801453846745
CA4090712359920220805,2022,1998,-0.3286433611717606
CA3389011707120230714,2023,1998,-0.05390444784170445
CA3806111999220230909,2023,1998,-0.17342257529115987
CA3589912013419840525,1984,1999,0.014054597914862391
CA3631411886919840821,1984,1999,-0.1949298158754428
CA4095612245219850718,1985,1999,-0.23601038345858238
CA4059212068919850708,1985,1999,-0.04608682939236359
CA3665912086319860602,1986,1999,0.002083786227644741
CA3389911714619860529,1986,1999,0.08131901102578673
CA4184912355119870830,1987,1999,-0.17903653083721277
CA3600012102719870707,1987,1999,-0.06619816088342732
CA3362611673419880602,1988,1999,-0.053256882804265354
CA3879412296619880824,1988,1999,-0.185401926294312
CA3407511899419891029,1989,1999,-0.062246187987946365
CA3464911838419890628,1989,1999,-0.07385848890809654
CA4033912181119900809,1990,1999,-0.11443754237717882
CA3305811714419900910,1990,1999,-0.03087186201281664
CA3655211908319910922,1991,1999,-0.09682788335518283
CA3876512278719911020,1991,1999,-0.2162002309485844
CA3592712121419920821,1992,1999,-0.06266133933735638
CA3622012145819920801,1992,1999,-0.13324488121214562
CA3411411897719931026,1993,1999,-0.07085960541658588
CA3407011864919931102,1993,1999,-0.12080278767008487
CA3765511953619940809,1994,1999,-0.07117474350651873
CA3715011953419940912,1994,1999,-0.09056307548702013
CA3805012286419951003,1995,1999,-0.24066785159859713
CA3515211854719950829,1995,1999,-0.06300941806623651
CA3520911991019960520,1996,1999,0.0013967656375089333
CA3791311981819960814,1996,1999,-0.10788882095004776
CA3344711729819970904,1997,1999,-0.034575765414605705
CA3471012049419970927,1997,1999,-0.06162806623050649
CA3442211887219981018,1998,1999,-0.006014247502216344
CA3688212081319980710,1998,1999,-0.06732223844626939
CA3975712171519990823,1999,1999,-0.1288470761285086
CA3784511998419990823,1999,1999,-0.15773361749279394
CA3625712072920000803,2000,1999,-0.12397849946221798
CA3771612024820000702,2000,1999,-0.07097487226736221
CA3777211886020010702,2001,1999,-0.05464056781808029
CA3396111727920010623,2001,1999,0.06266858763421354
CA4146112251620020713,2002,1999,-0.12593396841103383
CA3474011878120020618,2002,1999,-0.03762885473493416
CA3500511465220030716,2003,1999,-0.09441711904981898
CA3976112013320030720,2003,1999,-0.008403655876100275
CA3796411972720041015,2004,1999,-0.1222582344488387
CA3376011738120040503,2004,1999,0.05977373646715116
CA3937412284420050809,2005,1999,-0.20395431332242137
CA3508611531720050622,2005,1999,0.0007302135171004928
CA3605012069320060722,2006,1999,-0.061743437173826264
CA3528111983720060711,2006,1999,0.012882355432660822
CA3338411718020071022,2007,1999,-0.08631684439666502
CA3757311966320071029,2007,1999,-0.23885652349408726
CA3976512124820080622,2008,1999,-0.3143498175579431
CA3391911775320081115,2008,1999,-0.0343582091105859
CA4156612316620090821,2009,1999,-0.2102647591141465
CA3419711786020090825,2009,1999,-0.12551962679380807
CA3334311736220100713,2010,1999,0.052126298882856734
CA3790211905120100726,2010,1999,-0.0006464485520178755
CA3309811647820111001,2011,1999,-0.059132074256566886
CA3713411828320110913,2011,1999,0.008298596041829684
CA3355611691120120814,2012,1999,-0.0005361943009173653
CA3260811624320120517,2012,1999,0.019355397135263474
CA4018812160120130501,2013,1999,-0.223128510656388
CA3881312282620131122,2013,1999,-0.16685182344873253
CA3976812365020140730,2014,1999,-0.32244334635319855
CA4122712136220140731,2014,1999,-0.17867756762735057
CA3745411858420150206,2015,1999,-0.012978994571116068
CA4016812363920150730,2015,1999,-0.2889562240502917
CA3779911892220160804,2016,1999,-0.08492856605135254
CA3436911855620160709,2016,1999,-0.05113443343921614
CA4145212338020170811,2017,1999,-0.30429782353796053
CA3589912026320170710,2017,1999,-0.08022344856392012
CA3906012314020180727,2018,1999,-0.18286514681098004
CA3511712010020180819,2018,1999,-0.03244439264146333
CA3892812226620190608,2019,1999,-0.1365823920741832
CA3433711905320191031,2019,1999,-0.035029657837767056
CA4185812335420200908,2020,1999,-0.28572965713267284
CA3375311768720201026,2020,1999,-0.017742661353361795
CA4156412340420210801,2021,1999,-0.25998565801781054
CA3658211879520210912,2021,1999,-0.20192738346956665
CA3633311865120220803,2022,1999,-0.11998006176409631
CA4090712359920220805,2022,1999,-0.3248648038466849
CA3389011707120230714,2023,1999,0.08744464874207936
CA3806111999220230909,2023,1999,-0.16714070496998745
CA3589912013419840525,1984,2000,0.006073926034580006
CA3631411886919840821,1984,2000,-0.1649071769543062
CA4095612245219850718,1985,2000,-0.22047161629531012
CA4059212068919850708,1985,2000,-0.038354774014529504
CA3665912086319860602,1986,2000,0.02413351626483792
CA3389911714619860529,1986,2000,0.060786996574710254
CA4184912355119870830,1987,2000,-0.17621197546745382
CA3600012102719870707,1987,2000,-0.07854975622383606
CA3362611673419880602,1988,2000,-0.056506040380177126
CA3879412296619880824,1988,2000,-0.15242212606523514
CA3407511899419891029,1989,2000,-0.07155085827353036
CA3464911838419890628,1989,2000,-0.09439392596253411
CA4033912181119900809,1990,2000,-0.1010186509099124
CA3305811714419900910,1990,2000,-0.008964434908120942
CA3655211908319910922,1991,2000,-0.06456814513199838
CA3876512278719911020,1991,2000,-0.22273187551414703
CA3592712121419920821,1992,2000,0.007704703815348788
CA3622012145819920801,1992,2000,-0.12802349924677728
CA3411411897719931026,1993,2000,-0.08174888117815418
CA3407011864919931102,1993,2000,-0.1356702828002841
CA3765511953619940809,1994,2000,-0.07115607268783995
CA3715011953419940912,1994,2000,-0.05611084511075873
CA3805012286419951003,1995,2000,-0.19912717953145703
CA3515211854719950829,1995,2000,-0.020756852775226993
CA3520911991019960520,1996,2000,0.011315689627225685
CA3791311981819960814,1996,2000,-0.11034391952260338
CA3344711729819970904,1997,2000,-0.054538407714765195
CA3471012049419970927,1997,2000,-0.049606880516319306
CA3442211887219981018,1998,2000,-0.04615754383827983
CA3688212081319980710,1998,2000,-0.03796461029685153
CA3975712171519990823,1999,2000,-0.07221203061595272
CA3784511998419990823,1999,2000,-0.006426827926284915
CA3625712072920000803,2000,2000,0.03723588897910171
CA3771612024820000702,2000,2000,0.06252958956661483
CA3777211886020010702,2001,2000,-0.04116255102447051
CA3396111727920010623,2001,2000,0.04994308451800201
CA4146112251620020713,2002,2000,-0.12292518711991215
CA3474011878120020618,2002,2000,-0.03699977500600914
CA3500511465220030716,2003,2000,-0.09761852472046055
CA3976112013320030720,2003,2000,0.007293885457108785
CA3796411972720041015,2004,2000,-0.10713620736125595
CA3376011738120040503,2004,2000,0.04949140535414566
CA3937412284420050809,2005,2000,-0.19136407675311493
CA3508611531720050622,2005,2000,-0.0027638627966251276
CA3605012069320060722,2006,2000,-0.06042480138930423
CA3528111983720060711,2006,2000,0.022205375571050026
CA3338411718020071022,2007,2000,-0.07854788762117634
CA3757311966320071029,2007,2000,-0.24335792913395413
CA3976512124820080622,2008,2000,-0.3014727061682646
CA3391911775320081115,2008,2000,-0.0499337767933708
CA4156612316620090821,2009,2000,-0.20219197117671955
CA3419711786020090825,2009,2000,-0.1413110984443956
CA3334311736220100713,2010,2000,0.032627238512429324
CA3790211905120100726,2010,2000,0.01316519112904364
CA3309811647820111001,2011,2000,-0.04288332999939376
CA3713411828320110913,2011,2000,0.017854710080076414
CA3355611691120120814,2012,2000,-0.007208603502059114
CA3260811624320120517,2012,2000,0.041451936995265386
CA4018812160120130501,2013,2000,-0.21005723931269074
CA3881312282620131122,2013,2000,-0.14716657985673492
CA3976812365020140730,2014,2000,-0.3263522696911352
CA4122712136220140731,2014,2000,-0.17244845921976107
CA3745411858420150206,2015,2000,0.0010832343107966464
CA4016812363920150730,2015,2000,-0.27763567256535976
CA3779911892220160804,2016,2000,-0.07192601443164809
CA3436911855620160709,2016,2000,-0.07223245402374488
CA4145212338020170811,2017,2000,-0.3115340645036875
CA3589912026320170710,2017,2000,-0.07752930338893012
CA3906012314020180727,2018,2000,-0.16410981440574682
CA3511712010020180819,2018,2000,-0.023713724353855933
CA3892812226620190608,2019,2000,-0.07800593505067115
CA3433711905320191031,2019,2000,-0.05502252623167975
CA4185812335420200908,2020,2000,-0.2764388702290024
CA3375311768720201026,2020,2000,-0.020771623312231216
CA4156412340420210801,2021,2000,-0.2622038995306912
CA3658211879520210912,2021,2000,-0.20168156626074438
CA3633311865120220803,2022,2000,-0.10497305525826556
CA4090712359920220805,2022,2000,-0.28482282969492984
CA3389011707120230714,2023,2000,0.0440431854756159
CA3806111999220230909,2023,2000,-0.16498852362713903
CA3589912013419840525,1984,2001,-0.04753735307971722
CA3631411886919840821,1984,2001,-0.08240489484454924
CA4095612245219850718,1985,2001,-0.22863799165355825
CA4059212068919850708,1985,2001,-0.03212622295825491
CA3665912086319860602,1986,2001,0.011226851278792532
CA3389911714619860529,1986,2001,-0.006812973288168383
CA4184912355119870830,1987,2001,-0.17694636856202026
CA3600012102719870707,1987,2001,-0.08659362360669415
CA3362611673419880602,1988,2001,-0.05232651614567157
CA3879412296619880824,1988,2001,-0.15883307036724822
CA3407511899419891029,1989,2001,-0.07497515696495057
CA3464911838419890628,1989,2001,-0.08897559695909239
CA4033912181119900809,1990,2001,-0.10268182703730604
CA3305811714419900910,1990,2001,-0.029822733420183108
CA3655211908319910922,1991,2001,-0.0711920171344811
CA3876512278719911020,1991,2001,-0.22388217452195908
CA3592712121419920821,1992,2001,-0.04101076446816557
CA3622012145819920801,1992,2001,-0.13352488332468046
CA3411411897719931026,1993,2001,-0.07851522518519856
CA3407011864919931102,1993,2001,-0.14812899912261582
CA3765511953619940809,1994,2001,-0.06914475026843317
CA3715011953419940912,1994,2001,-0.0787107868077627
CA3805012286419951003,1995,2001,-0.16153639952268745
CA3515211854719950829,1995,2001,-0.05156975596637695
CA3520911991019960520,1996,2001,-0.010895079576730589
CA3791311981819960814,1996,2001,-0.11419183386971034
CA3344711729819970904,1997,2001,-0.08212886089709603
CA3471012049419970927,1997,2001,-0.039428347538664886
CA3442211887219981018,1998,2001,-0.05212010370119054
CA3688212081319980710,1998,2001,-0.016675294259028906
CA3975712171519990823,1999,2001,-0.08895114696387264
CA3784511998419990823,1999,2001,-0.06876996324643003
CA3625712072920000803,2000,2001,-0.0025410134324469146
CA3771612024820000702,2000,2001,-0.020751703126310844
CA3777211886020010702,2001,2001,0.1334745026051468
CA3396111727920010623,2001,2001,0.12430970429766944
CA4146112251620020713,2002,2001,-0.116373564260613
CA3474011878120020618,2002,2001,-0.05328279944657693
CA3500511465220030716,2003,2001,-0.10932735941580211
CA3976112013320030720,2003,2001,0.04415971126252817
CA3796411972720041015,2004,2001,-0.11003237082566296
CA3376011738120040503,2004,2001,-0.00012502484842964517
CA3937412284420050809,2005,2001,-0.17532612825616836
CA3508611531720050622,2005,2001,-0.002974057601478011
CA3605012069320060722,2006,2001,-0.06807069934743515
CA3528111983720060711,2006,2001,0.008059674423308634
CA3338411718020071022,2007,2001,-0.09664116377321354
CA3757311966320071029,2007,2001,-0.24012564281185075
CA3976512124820080622,2008,2001,-0.2972775707174629
CA3391911775320081115,2008,2001,-0.05929025399529899
CA4156612316620090821,2009,2001,-0.1814647560763801
CA3419711786020090825,2009,2001,-0.1414046804476469
CA3334311736220100713,2010,2001,-0.021060455398162856
CA3790211905120100726,2010,2001,0.016067654340926194
CA3309811647820111001,2011,2001,-0.061245171850991854
CA3713411828320110913,2011,2001,0.021695796416268395
CA3355611691120120814,2012,2001,-0.01636292638660116
CA3260811624320120517,2012,2001,0.010242728841467893
CA4018812160120130501,2013,2001,-0.19941098004043478
CA3881312282620131122,2013,2001,-0.14801675641134596
CA3976812365020140730,2014,2001,-0.31688905934697575
CA4122712136220140731,2014,2001,-0.15492453309083198
CA3745411858420150206,2015,2001,0.010143253466131152
CA4016812363920150730,2015,2001,-0.2628864419601851
CA3779911892220160804,2016,2001,-0.06825829331828791
CA3436911855620160709,2016,2001,-0.08648409887791919
CA4145212338020170811,2017,2001,-0.29376894670044096
CA3589912026320170710,2017,2001,-0.08949793743320837
CA3906012314020180727,2018,2001,-0.1554415037846846
CA3511712010020180819,2018,2001,-0.03085363370248026
CA3892812226620190608,2019,2001,-0.10254270292888841
CA3433711905320191031,2019,2001,-0.047070555485818975
CA4185812335420200908,2020,2001,-0.27295464910619494
CA3375311768720201026,2020,2001,-0.027235308147728426
CA4156412340420210801,2021,2001,-0.2487889332443013
CA3658211879520210912,2021,2001,-0.19516633717620294
CA3633311865120220803,2022,2001,-0.11069939975265862
CA4090712359920220805,2022,2001,-0.27430650780198207
CA3389011707120230714,2023,2001,0.00527464523273471
CA3806111999220230909,2023,2001,-0.16136471806413835
CA3589912013419840525,1984,2002,0.02731719006168
CA3631411886919840821,1984,2002,-0.11272777665967008
CA4095612245219850718,1985,2002,-0.22227742722744112
CA4059212068919850708,1985,2002,-0.033082585955376664
CA3665912086319860602,1986,2002,0.038067237343150886
CA3389911714619860529,1986,2002,0.09046390525531434
CA4184912355119870830,1987,2002,-0.18051366908129213
CA3600012102719870707,1987,2002,-0.01788232827775866
CA3362611673419880602,1988,2002,-0.0032945044947951876
CA3879412296619880824,1988,2002,-0.1658000565762895
CA3407511899419891029,1989,2002,-0.024185323394714294
CA3464911838419890628,1989,2002,-0.024160082649529575
CA4033912181119900809,1990,2002,-0.11598360807828569
CA3305811714419900910,1990,2002,0.013931075175191016
CA3655211908319910922,1991,2002,-0.0707086932781694
CA3876512278719911020,1991,2002,-0.22701374428691787
CA3592712121419920821,1992,2002,0.010404821653042027
CA3622012145819920801,1992,2002,-0.12298198844606864
CA3411411897719931026,1993,2002,-0.03961059647836797
CA3407011864919931102,1993,2002,-0.09265618270282411
CA3765511953619940809,1994,2002,-0.08223288711425229
CA3715011953419940912,1994,2002,-0.07342884835708487
CA3805012286419951003,1995,2002,-0.19185097837482654
CA3515211854719950829,1995,2002,-0.022456452619225523
CA3520911991019960520,1996,2002,0.09111340744649626
CA3791311981819960814,1996,2002,-0.13682148843911165
CA3344711729819970904,1997,2002,-0.02062785862460566
CA3471012049419970927,1997,2002,-0.005422656600601141
CA3442211887219981018,1998,2002,0.002874429455511518
CA3688212081319980710,1998,2002,-0.0027171828784277063
CA3975712171519990823,1999,2002,-0.08116356136238904
CA3784511998419990823,1999,2002,-0.09839440830699672
CA3625712072920000803,2000,2002,-0.049507130184967864
CA3771612024820000702,2000,2002,-0.03933642706566831
CA3777211886020010702,2001,2002,0.04708628082839279
CA3396111727920010623,2001,2002,0.1106929097038039
CA4146112251620020713,2002,2002,-0.03139308960534335
CA3474011878120020618,2002,2002,0.18088698647292592
CA3500511465220030716,2003,2002,-0.11132767451163539
CA3976112013320030720,2003,2002,0.025348212087538614
CA3796411972720041015,2004,2002,-0.11006770360803377
CA3376011738120040503,2004,2002,0.08257309976384503
CA3937412284420050809,2005,2002,-0.18490490894164238
CA3508611531720050622,2005,2002,0.022816565048003057
CA3605012069320060722,2006,2002,-0.012097443510319257
CA3528111983720060711,2006,2002,0.1077575241306744
CA3338411718020071022,2007,2002,-0.04486644881309412
CA3757311966320071029,2007,2002,-0.24306694840196288
CA3976512124820080622,2008,2002,-0.30423503611203734
CA3391911775320081115,2008,2002,0.0180848659793434
CA4156612316620090821,2009,2002,-0.19961803776838213
CA3419711786020090825,2009,2002,-0.07987004143133988
CA3334311736220100713,2010,2002,0.06055222134354661
CA3790211905120100726,2010,2002,0.020278710262779318
CA3309811647820111001,2011,2002,0.0590261597040136
CA3713411828320110913,2011,2002,0.026261656447476557
CA3355611691120120814,2012,2002,0.042996203795246726
CA3260811624320120517,2012,2002,0.06164569677845654
CA4018812160120130501,2013,2002,-0.21420052122702243
CA3881312282620131122,2013,2002,-0.16231075510556753
CA3976812365020140730,2014,2002,-0.3120185882524969
CA4122712136220140731,2014,2002,-0.1580642224156113
CA3745411858420150206,2015,2002,0.015765102179567114
CA4016812363920150730,2015,2002,-0.26145338335621915
CA3779911892220160804,2016,2002,-0.07057800378501601
CA3436911855620160709,2016,2002,-0.015248154293356565
CA4145212338020170811,2017,2002,-0.2928013206606684
CA3589912026320170710,2017,2002,-0.0530170390694482
CA3906012314020180727,2018,2002,-0.16548187264495925
CA3511712010020180819,2018,2002,0.03588468655327224
CA3892812226620190608,2019,2002,-0.09570674105782191
CA3433711905320191031,2019,2002,0.0132691316287475
CA4185812335420200908,2020,2002,-0.274431014822967
CA3375311768720201026,2020,2002,0.025909560030202578
CA4156412340420210801,2021,2002,-0.24931997850825396
CA3658211879520210912,2021,2002,-0.20610565129811198
CA3633311865120220803,2022,2002,-0.10948070413078898
CA4090712359920220805,2022,2002,-0.2823503390884851
CA3389011707120230714,2023,2002,0.09234812283729163
CA3806111999220230909,2023,2002,-0.17287801340793002
CA3589912013419840525,1984,2003,0.0486785067894738
CA3631411886919840821,1984,2003,-0.12983731375696486
CA4095612245219850718,1985,2003,-0.24188221278371388
CA4059212068919850708,1985,2003,-0.04440289430348981
CA3665912086319860602,1986,2003,-0.0034394163820911598
CA3389911714619860529,1986,2003,-0.0029289746567355977
CA4184912355119870830,1987,2003,-0.1726479026526225
CA3600012102719870707,1987,2003,-0.07741051507856186
CA3362611673419880602,1988,2003,-0.06686035421189289
CA3879412296619880824,1988,2003,-0.19341225721051788
CA3407511899419891029,1989,2003,-0.07035794478013904
CA3464911838419890628,1989,2003,-0.10923176279969929
CA4033912181119900809,1990,2003,-0.13190361142963075
CA3305811714419900910,1990,2003,-0.037383069343656546
CA3655211908319910922,1991,2003,-0.08597769779191157
CA3876512278719911020,1991,2003,-0.23907964929888875
CA3592712121419920821,1992,2003,-0.05537132180495488
CA3622012145819920801,1992,2003,-0.15062349509966688
CA3411411897719931026,1993,2003,-0.08868355875428903
CA3407011864919931102,1993,2003,-0.1709243435876891
CA3765511953619940809,1994,2003,-0.08701914230859961
CA3715011953419940912,1994,2003,-0.09512519072669735
CA3805012286419951003,1995,2003,-0.22323813497500433
CA3515211854719950829,1995,2003,-0.07249034228887821
CA3520911991019960520,1996,2003,0.03574418519747349
CA3791311981819960814,1996,2003,-0.144473156160048
CA3344711729819970904,1997,2003,-0.10246939888934749
CA3471012049419970927,1997,2003,-0.028281503163368676
CA3442211887219981018,1998,2003,-0.03897234568937504
CA3688212081319980710,1998,2003,-0.009082010472123753
CA3975712171519990823,1999,2003,-0.1003188583179433
CA3784511998419990823,1999,2003,-0.12738939034742888
CA3625712072920000803,2000,2003,-0.09501238753840484
CA3771612024820000702,2000,2003,-0.052160721045139045
CA3777211886020010702,2001,2003,0.016006845200744156
CA3396111727920010623,2001,2003,0.009636029592586009
CA4146112251620020713,2002,2003,-0.021833439820911623
CA3474011878120020618,2002,2003,0.07956866813655146
CA3500511465220030716,2003,2003,0.050802276414215586
CA3976112013320030720,2003,2003,0.11800633000967449
CA3796411972720041015,2004,2003,-0.11881854136813046
CA3376011738120040503,2004,2003,-0.0003653193854349573
CA3937412284420050809,2005,2003,-0.2025074652386956
CA3508611531720050622,2005,2003,-0.012811974399201415
CA3605012069320060722,2006,2003,-0.05562347392977651
CA3528111983720060711,2006,2003,0.07981662859191363
CA3338411718020071022,2007,2003,-0.09301365014917719
CA3757311966320071029,2007,2003,-0.2512967154099999
CA3976512124820080622,2008,2003,-0.31226337628562606
CA3391911775320081115,2008,2003,-0.05121234503463743
CA4156612316620090821,2009,2003,-0.18280437573540104
CA3419711786020090825,2009,2003,-0.0891267533250138
CA3334311736220100713,2010,2003,-0.026484498700001507
CA3790211905120100726,2010,2003,-0.0021953011757023643
CA3309811647820111001,2011,2003,0.01850012945107573
CA3713411828320110913,2011,2003,-0.010397294955440681
CA3355611691120120814,2012,2003,-0.010765713849439527
CA3260811624320120517,2012,2003,0.011156248096328923
CA4018812160120130501,2013,2003,-0.22373279509005764
CA3881312282620131122,2013,2003,-0.1728675749968436
CA3976812365020140730,2014,2003,-0.3201047140173174
CA4122712136220140731,2014,2003,-0.1561036281627534
CA3745411858420150206,2015,2003,-0.02341427323097632
CA4016812363920150730,2015,2003,-0.26346294823725175
CA3779911892220160804,2016,2003,-0.08756475431609477
CA3436911855620160709,2016,2003,-0.09892206938156059
CA4145212338020170811,2017,2003,-0.29076172744936235
CA3589912026320170710,2017,2003,-0.07286535217499776
CA3906012314020180727,2018,2003,-0.18355429036383208
CA3511712010020180819,2018,2003,-0.014561951288344963
CA3892812226620190608,2019,2003,-0.11467957077255538
CA3433711905320191031,2019,2003,-0.027665555186656303
CA4185812335420200908,2020,2003,-0.26678625430282166
CA3375311768720201026,2020,2003,-0.026746514313356333
CA4156412340420210801,2021,2003,-0.2455744543461455
CA3658211879520210912,2021,2003,-0.21582392003522766
CA3633311865120220803,2022,2003,-0.12376897961301625
CA4090712359920220805,2022,2003,-0.2873713897566434
CA3389011707120230714,2023,2003,-0.007652819445204597
CA3806111999220230909,2023,2003,-0.1685857252493006
CA3589912013419840525,1984,2004,-0.01616686977115019
CA3631411886919840821,1984,2004,-0.12990633967039295
CA4095612245219850718,1985,2004,-0.23244143269236
CA4059212068919850708,1985,2004,-0.033734722623970315
CA3665912086319860602,1986,2004,-0.017503658524177703
CA3389911714619860529,1986,2004,0.05119195259440154
CA4184912355119870830,1987,2004,-0.18272395106830447
CA3600012102719870707,1987,2004,-0.03552894595838848
CA3362611673419880602,1988,2004,-0.03259761647438626
CA3879412296619880824,1988,2004,-0.1667922231290098
CA3407511899419891029,1989,2004,-0.028885168083310625
CA3464911838419890628,1989,2004,-0.0677184520518779
CA4033912181119900809,1990,2004,-0.11351271938589617
CA3305811714419900910,1990,2004,-0.013660016887012386
CA3655211908319910922,1991,2004,-0.08062568315973279
CA3876512278719911020,1991,2004,-0.22688788918018676
CA3592712121419920821,1992,2004,-0.03942009426788399
CA3622012145819920801,1992,2004,-0.12747366766143475
CA3411411897719931026,1993,2004,-0.05147178750136005
CA3407011864919931102,1993,2004,-0.11781509668743857
CA3765511953619940809,1994,2004,-0.07462812488994315
CA3715011953419940912,1994,2004,-0.08162377025890898
CA3805012286419951003,1995,2004,-0.16066887453229844
CA3515211854719950829,1995,2004,-0.046797432625203673
CA3520911991019960520,1996,2004,0.015170211896759888
CA3791311981819960814,1996,2004,-0.1450257109184375
CA3344711729819970904,1997,2004,-0.07288830286212955
CA3471012049419970927,1997,2004,-0.014203279766471654
CA3442211887219981018,1998,2004,-0.0154296393207498
CA3688212081319980710,1998,2004,-0.0514188527488684
CA3975712171519990823,1999,2004,-0.08667635179535708
CA3784511998419990823,1999,2004,-0.11908478315243069
CA3625712072920000803,2000,2004,-0.06590248287661138
CA3771612024820000702,2000,2004,-0.05846890200762095
CA3777211886020010702,2001,2004,0.003738249218974631
CA3396111727920010623,2001,2004,0.06996330605501651
CA4146112251620020713,2002,2004,-0.04743722353748278
CA3474011878120020618,2002,2004,0.07136978992995696
CA3500511465220030716,2003,2004,0.09356935635854421
CA3976112013320030720,2003,2004,0.06636630174455624
CA3796411972720041015,2004,2004,-0.1115033324449342
CA3376011738120040503,2004,2004,0.11473242879491094
CA3937412284420050809,2005,2004,-0.19473787429272582
CA3508611531720050622,2005,2004,-0.011095082902001672
CA3605012069320060722,2006,2004,-0.0370078406005412
CA3528111983720060711,2006,2004,0.04939166288593725
CA3338411718020071022,2007,2004,-0.07323338427191733
CA3757311966320071029,2007,2004,-0.24814649144071302
CA3976512124820080622,2008,2004,-0.3142824563574338
CA3391911775320081115,2008,2004,-0.025223146197190138
CA4156612316620090821,2009,2004,-0.1936990700201484
CA3419711786020090825,2009,2004,-0.06957758987160838
CA3334311736220100713,2010,2004,0.04247097301358597
CA3790211905120100726,2010,2004,0.006519820920997583
CA3309811647820111001,2011,2004,-0.004678475757447408
CA3713411828320110913,2011,2004,-1.9926274417368724e-05
CA3355611691120120814,2012,2004,0.0297601747166876
CA3260811624320120517,2012,2004,0.03970545057388822
CA4018812160120130501,2013,2004,-0.21279310468189583
CA3881312282620131122,2013,2004,-0.15385422842837207
CA3976812365020140730,2014,2004,-0.32125023528426605
CA4122712136220140731,2014,2004,-0.16333590157770211
CA3745411858420150206,2015,2004,-0.003002953631011995
CA4016812363920150730,2015,2004,-0.271489775576002
CA3779911892220160804,2016,2004,-0.07846518789399738
CA3436911855620160709,2016,2004,0.0450555196937811
CA4145212338020170811,2017,2004,-0.30015019293477585
CA3589912026320170710,2017,2004,-0.05887309096342329
CA3906012314020180727,2018,2004,-0.1688635401973869
CA3511712010020180819,2018,2004,0.0004902214494337323
CA3892812226620190608,2019,2004,-0.11727376209830251
CA3433711905320191031,2019,2004,-0.0019507892416641738
CA4185812335420200908,2020,2004,-0.27559131718962715
CA3375311768720201026,2020,2004,-0.016115953704853823
CA4156412340420210801,2021,2004,-0.2561451526081679
CA3658211879520210912,2021,2004,-0.1997493160494428
CA3633311865120220803,2022,2004,-0.11573174656672308
CA4090712359920220805,2022,2004,-0.28754891583755426
CA3389011707120230714,2023,2004,0.0493909181445466
CA3806111999220230909,2023,2004,-0.16451971072344773
CA3589912013419840525,1984,2005,-0.0762777041926714
CA3631411886919840821,1984,2005,-0.17240179260160896
CA4095612245219850718,1985,2005,-0.24264112228170578
CA4059212068919850708,1985,2005,-0.05964855078900382
CA3665912086319860602,1986,2005,-0.03762041661599209
CA3389911714619860529,1986,2005,-0.001955242329952292
CA4184912355119870830,1987,2005,-0.18994844917097514
CA3600012102719870707,1987,2005,-0.10853810830384977
CA3362611673419880602,1988,2005,-0.10287645040052977
CA3879412296619880824,1988,2005,-0.17653880969932467
CA3407511899419891029,1989,2005,-0.07742040249396769
CA3464911838419890628,1989,2005,-0.1291740922127872
CA4033912181119900809,1990,2005,-0.13490997584269696
CA3305811714419900910,1990,2005,-0.051154638591267176
CA3655211908319910922,1991,2005,-0.110705461191213
CA3876512278719911020,1991,2005,-0.2558230353796987
CA3592712121419920821,1992,2005,-0.05480636822537954
CA3622012145819920801,1992,2005,-0.1617161993141086
CA3411411897719931026,1993,2005,-0.10511863187110575
CA3407011864919931102,1993,2005,-0.18075734452936768
CA3765511953619940809,1994,2005,-0.07720307867687319
CA3715011953419940912,1994,2005,-0.11789698450874235
CA3805012286419951003,1995,2005,-0.24646398680134113
CA3515211854719950829,1995,2005,-0.10579570302871252
CA3520911991019960520,1996,2005,-0.011495671506563662
CA3791311981819960814,1996,2005,-0.1683900520444102
CA3344711729819970904,1997,2005,-0.10619750852132069
CA3471012049419970927,1997,2005,-0.0779371435961319
CA3442211887219981018,1998,2005,-0.053259893666487326
CA3688212081319980710,1998,2005,-0.013394488789479452
CA3975712171519990823,1999,2005,-0.09209576190346726
CA3784511998419990823,1999,2005,-0.15255298592738142
CA3625712072920000803,2000,2005,-0.13462848760386062
CA3771612024820000702,2000,2005,-0.08592756695118435
CA3777211886020010702,2001,2005,-0.021129182053629365
CA3396111727920010623,2001,2005,0.01165943436267464
CA4146112251620020713,2002,2005,-0.05618960384760551
CA3474011878120020618,2002,2005,-0.029279440976181036
CA3500511465220030716,2003,2005,0.03186993307905299
CA3976112013320030720,2003,2005,-0.03459088207061231
CA3796411972720041015,2004,2005,-0.022391426656509388
CA3376011738120040503,2004,2005,0.0067329151970370255
CA3937412284420050809,2005,2005,-0.11029621416999223
CA3508611531720050622,2005,2005,0.0800973392537824
CA3605012069320060722,2006,2005,-0.0881850717336793
CA3528111983720060711,2006,2005,0.024556524774437347
CA3338411718020071022,2007,2005,-0.09777402595177859
CA3757311966320071029,2007,2005,-0.25071980843145303
CA3976512124820080622,2008,2005,-0.3092691382544785
CA3391911775320081115,2008,2005,-0.0638963569628126
CA4156612316620090821,2009,2005,-0.20137001195270146
CA3419711786020090825,2009,2005,-0.14298809679017757
CA3334311736220100713,2010,2005,-0.025687290200113903
CA3790211905120100726,2010,2005,-0.004424840132986879
CA3309811647820111001,2011,2005,-0.04182736409630484
CA3713411828320110913,2011,2005,-0.031692484414925455
CA3355611691120120814,2012,2005,-0.01919513196876371
CA3260811624320120517,2012,2005,0.024575013537741688
CA4018812160120130501,2013,2005,-0.23691321750756658
CA3881312282620131122,2013,2005,-0.14724128600707828
CA3976812365020140730,2014,2005,-0.32508018785978826
CA4122712136220140731,2014,2005,-0.17452841541990133
CA3745411858420150206,2015,2005,-0.02438080908785588
CA4016812363920150730,2015,2005,-0.2681550716107265
CA3779911892220160804,2016,2005,-0.08518443231008133
CA3436911855620160709,2016,2005,-0.08753882655556378
CA4145212338020170811,2017,2005,-0.30357586585369384
CA3589912026320170710,2017,2005,-0.10998029309854826
CA3906012314020180727,2018,2005,-0.17716718770800566
CA3511712010020180819,2018,2005,-0.04079340101452356
CA3892812226620190608,2019,2005,-0.11554551601905712
CA3433711905320191031,2019,2005,-0.04356217503762838
CA4185812335420200908,2020,2005,-0.28160944130327836
CA3375311768720201026,2020,2005,-0.043034275751952566
CA4156412340420210801,2021,2005,-0.26352496577722057
CA3658211879520210912,2021,2005,-0.22199410233073594
CA3633311865120220803,2022,2005,-0.12043601084885497
CA4090712359920220805,2022,2005,-0.29046142330490765
CA3389011707120230714,2023,2005,-0.014556664817543773
CA3806111999220230909,2023,2005,-0.1635095339557247
CA3589912013419840525,1984,2006,-0.04724051233593453
CA3631411886919840821,1984,2006,-0.173758411124242
CA4095612245219850718,1985,2006,-0.2463912607225972
CA4059212068919850708,1985,2006,-0.051948753418804616
CA3665912086319860602,1986,2006,-0.0003391936170879839
CA3389911714619860529,1986,2006,0.0305505618932926
CA4184912355119870830,1987,2006,-0.1953250686896165
CA3600012102719870707,1987,2006,-0.09518333172063465
CA3362611673419880602,1988,2006,-0.06543055180117033
CA3879412296619880824,1988,2006,-0.1941496929954886
CA3407511899419891029,1989,2006,-0.08757530943367565
CA3464911838419890628,1989,2006,-0.10205262534220307
CA4033912181119900809,1990,2006,-0.12949862520733368
CA3305811714419900910,1990,2006,-0.02136124389334945
CA3655211908319910922,1991,2006,-0.07800801693482629
CA3876512278719911020,1991,2006,-0.24804308777027376
CA3592712121419920821,1992,2006,-0.06383669545333229
CA3622012145819920801,1992,2006,-0.16296126471591604
CA3411411897719931026,1993,2006,-0.1108726641822634
CA3407011864919931102,1993,2006,-0.1809206065380695
CA3765511953619940809,1994,2006,-0.08577921968871056
CA3715011953419940912,1994,2006,-0.09985403556421278
CA3805012286419951003,1995,2006,-0.24897918194598417
CA3515211854719950829,1995,2006,-0.05963256608903626
CA3520911991019960520,1996,2006,-0.006104881010473083
CA3791311981819960814,1996,2006,-0.16169287836884016
CA3344711729819970904,1997,2006,-0.08554220567466957
CA3471012049419970927,1997,2006,-0.0989439384434328
CA3442211887219981018,1998,2006,-0.06380196370176369
CA3688212081319980710,1998,2006,-0.07933085846228266
CA3975712171519990823,1999,2006,-0.10415953015741256
CA3784511998419990823,1999,2006,-0.14843952966301577
CA3625712072920000803,2000,2006,-0.1070002789497205
CA3771612024820000702,2000,2006,-0.07500756562734438
CA3777211886020010702,2001,2006,-0.02389164386731906
CA3396111727920010623,2001,2006,0.04508855295045828
CA4146112251620020713,2002,2006,-0.030062795944903742
CA3474011878120020618,2002,2006,0.0018182270095790062
CA3500511465220030716,2003,2006,0.05780110921656941
CA3976112013320030720,2003,2006,-0.013925582363120519
CA3796411972720041015,2004,2006,-0.02887580908985683
CA3376011738120040503,2004,2006,0.030087356160881262
CA3937412284420050809,2005,2006,-0.032264275662959564
CA3508611531720050622,2005,2006,0.050743868159738116
CA3605012069320060722,2006,2006,0.1067358538472186
CA3528111983720060711,2006,2006,0.10527678414789711
CA3338411718020071022,2007,2006,-0.08498423044269195
CA3757311966320071029,2007,2006,-0.24378160681107627
CA3976512124820080622,2008,2006,-0.31783363924655106
CA3391911775320081115,2008,2006,-0.06106984400082502
CA4156612316620090821,2009,2006,-0.19483223406064903
CA3419711786020090825,2009,2006,-0.14300976857069334
CA3334311736220100713,2010,2006,0.030260079867702717
CA3790211905120100726,2010,2006,-0.011549845929298322
CA3309811647820111001,2011,2006,-0.04785467404587538
CA3713411828320110913,2011,2006,-0.022987215089683554
CA3355611691120120814,2012,2006,0.0010708019584204057
CA3260811624320120517,2012,2006,0.03813328529674388
CA4018812160120130501,2013,2006,-0.23025826347721606
CA3881312282620131122,2013,2006,-0.18401965554284885
CA3976812365020140730,2014,2006,-0.33227250866312397
CA4122712136220140731,2014,2006,-0.15627200997299515
CA3745411858420150206,2015,2006,-0.026206446183912022
CA4016812363920150730,2015,2006,-0.29062228438004534
CA3779911892220160804,2016,2006,-0.08008695287241428
CA3436911855620160709,2016,2006,-0.06322825025246015
CA4145212338020170811,2017,2006,-0.31035644670104623
CA3589912026320170710,2017,2006,-0.08681683587094241
CA3906012314020180727,2018,2006,-0.18604984403242758
CA3511712010020180819,2018,2006,-0.0386995200400921
CA3892812226620190608,2019,2006,-0.12721817935174323
CA3433711905320191031,2019,2006,-0.05430814933358933
CA4185812335420200908,2020,2006,-0.28565098492595453
CA3375311768720201026,2020,2006,-0.032685953057920304
CA4156412340420210801,2021,2006,-0.2593640684560866
CA3658211879520210912,2021,2006,-0.21389781599713123
CA3633311865120220803,2022,2006,-0.1189131455811738
CA4090712359920220805,2022,2006,-0.31083013075064025
CA3389011707120230714,2023,2006,0.031131062883707903
CA3806111999220230909,2023,2006,-0.1588430271952423
CA3589912013419840525,1984,2007,0.07943692920810065
CA3631411886919840821,1984,2007,-0.15017742074097915
CA4095612245219850718,1985,2007,-0.24038059547334756
CA4059212068919850708,1985,2007,-0.03802161440630163
CA3665912086319860602,1986,2007,0.08029125396005458
CA3389911714619860529,1986,2007,0.08795298993204173
CA4184912355119870830,1987,2007,-0.19327630465064616
CA3600012102719870707,1987,2007,-0.008046068654484055
CA3362611673419880602,1988,2007,-0.009694335481244452
CA3879412296619880824,1988,2007,-0.17335943361535602
CA3407511899419891029,1989,2007,-0.019580638751133396
CA3464911838419890628,1989,2007,-0.03711986885149317
CA4033912181119900809,1990,2007,-0.13050479955759295
CA3305811714419900910,1990,2007,-0.005711296899006394
CA3655211908319910922,1991,2007,-0.08961587305157244
CA3876512278719911020,1991,2007,-0.23615074675885847
CA3592712121419920821,1992,2007,0.013415340020431068
CA3622012145819920801,1992,2007,-0.1121630751485403
CA3411411897719931026,1993,2007,-0.033089374126069916
CA3407011864919931102,1993,2007,-0.08749211987672571
CA3765511953619940809,1994,2007,-0.0808151147821396
CA3715011953419940912,1994,2007,-0.0763466135209076
CA3805012286419951003,1995,2007,-0.21801822938355234
CA3515211854719950829,1995,2007,-0.05022508500345627
CA3520911991019960520,1996,2007,0.07629354618404526
CA3791311981819960814,1996,2007,-0.1588445612633599
CA3344711729819970904,1997,2007,-0.03554083552540496
CA3471012049419970927,1997,2007,0.0011143018068892846
CA3442211887219981018,1998,2007,0.006135445508419058
CA3688212081319980710,1998,2007,0.057556697291263816
CA3975712171519990823,1999,2007,-0.09951219191519563
CA3784511998419990823,1999,2007,-0.12549232190643242
CA3625712072920000803,2000,2007,-0.04158912040520183
CA3771612024820000702,2000,2007,-0.051765913840783995
CA3777211886020010702,2001,2007,-0.0043592525064210085
CA3396111727920010623,2001,2007,0.08476256527166738
CA4146112251620020713,2002,2007,-0.026966655386416176
CA3474011878120020618,2002,2007,0.05356312069628033
CA3500511465220030716,2003,2007,0.030820434262804612
CA3976112013320030720,2003,2007,0.015671655862579657
CA3796411972720041015,2004,2007,-0.03789158938013338
CA3376011738120040503,2004,2007,0.07519316459622459
CA3937412284420050809,2005,2007,-0.07480686389357465
CA3508611531720050622,2005,2007,0.04553048420828758
CA3605012069320060722,2006,2007,0.10764168440543231
CA3528111983720060711,2006,2007,0.08388643172169033
CA3338411718020071022,2007,2007,-0.057510904975516405
CA3757311966320071029,2007,2007,-0.24951672705590447
CA3976512124820080622,2008,2007,-0.31689044536111266
CA3391911775320081115,2008,2007,-0.0013398363145668607
CA4156612316620090821,2009,2007,-0.1901446857203688
CA3419711786020090825,2009,2007,-0.0873660882999058
CA3334311736220100713,2010,2007,0.05587587291362772
CA3790211905120100726,2010,2007,0.005986225450031366
CA3309811647820111001,2011,2007,-0.016070274603132227
CA3713411828320110913,2011,2007,0.004431178296469647
CA3355611691120120814,2012,2007,0.05250898198360323
CA3260811624320120517,2012,2007,0.06101999766917763
CA4018812160120130501,2013,2007,-0.22984615308705794
CA3881312282620131122,2013,2007,-0.15843095578390468
CA3976812365020140730,2014,2007,-0.3097368864706848
CA4122712136220140731,2014,2007,-0.15052757373563547
CA3745411858420150206,2015,2007,-0.0004285779228146704
CA4016812363920150730,2015,2007,-0.2690766945656604
CA3779911892220160804,2016,2007,-0.0794783216716681
CA3436911855620160709,2016,2007,0.0003654534394836098
CA4145212338020170811,2017,2007,-0.301449275382483
CA3589912026320170710,2017,2007,-0.008009510995962426
CA3906012314020180727,2018,2007,-0.1522458830129906
CA3511712010020180819,2018,2007,0.02348265875002968
CA3892812226620190608,2019,2007,-0.09021934819014088
CA3433711905320191031,2019,2007,0.015059399591625043
CA4185812335420200908,2020,2007,-0.28467886548700405
CA3375311768720201026,2020,2007,0.010325839871564888
CA4156412340420210801,2021,2007,-0.24046090436507694
CA3658211879520210912,2021,2007,-0.1976714010977292
CA3633311865120220803,2022,2007,-0.10371108156491297
CA4090712359920220805,2022,2007,-0.3025978688292357
CA3389011707120230714,2023,2007,0.08082290184612279
CA3806111999220230909,2023,2007,-0.15363398488948854
CA3589912013419840525,1984,2008,-0.08637192847563387
CA3631411886919840821,1984,2008,-0.13341698096519525
CA4095612245219850718,1985,2008,-0.24164711246789752
CA4059212068919850708,1985,2008,-0.04215028801974328
CA3665912086319860602,1986,2008,-0.007331284287932945
CA3389911714619860529,1986,2008,-0.0038402815522405273
CA4184912355119870830,1987,2008,-0.20616458150431494
CA3600012102719870707,1987,2008,-0.08785490335452667
CA3362611673419880602,1988,2008,-0.083419602560143
CA3879412296619880824,1988,2008,-0.19372158763616534
CA3407511899419891029,1989,2008,-0.03969248005388301
CA3464911838419890628,1989,2008,-0.11241621045988308
CA4033912181119900809,1990,2008,-0.12132710923782387
CA3305811714419900910,1990,2008,-0.02807068464448349
CA3655211908319910922,1991,2008,-0.06089518829676248
CA3876512278719911020,1991,2008,-0.22643833746780043
CA3592712121419920821,1992,2008,-0.06491157738227546
CA3622012145819920801,1992,2008,-0.09796841086803501
CA3411411897719931026,1993,2008,-0.06730561358009637
CA3407011864919931102,1993,2008,-0.11452941885906298
CA3765511953619940809,1994,2008,-0.08362062310121059
CA3715011953419940912,1994,2008,-0.06179607484311192
CA3805012286419951003,1995,2008,-0.19738668350178823
CA3515211854719950829,1995,2008,-0.025387285798641163
CA3520911991019960520,1996,2008,-0.018142285667928602
CA3791311981819960814,1996,2008,-0.14952010950100283
CA3344711729819970904,1997,2008,-0.08584380394998242
CA3471012049419970927,1997,2008,-0.03963884800648383
CA3442211887219981018,1998,2008,-0.09039681437031263
CA3688212081319980710,1998,2008,0.03329322371112669
CA3975712171519990823,1999,2008,-0.04145856816695097
CA3784511998419990823,1999,2008,-0.1215352754663829
CA3625712072920000803,2000,2008,-0.08985483097610636
CA3771612024820000702,2000,2008,-0.04296268886910486
CA3777211886020010702,2001,2008,-0.042925579691508745
CA3396111727920010623,2001,2008,-0.0013724036758604302
CA4146112251620020713,2002,2008,-0.043705764058015066
CA3474011878120020618,2002,2008,0.0064471893638126
CA3500511465220030716,2003,2008,0.024368701064585153
CA3976112013320030720,2003,2008,0.02597904101886681
CA3796411972720041015,2004,2008,-0.03591550780372191
CA3376011738120040503,2004,2008,0.00043390396461671617
CA3937412284420050809,2005,2008,-0.09241297683648392
CA3508611531720050622,2005,2008,0.025401158104610834
CA3605012069320060722,2006,2008,-0.029638760924368027
CA3528111983720060711,2006,2008,0.022814797346483232
CA3338411718020071022,2007,2008,-0.03671638453079895
CA3757311966320071029,2007,2008,-0.193737438273162
CA3976512124820080622,2008,2008,-0.2481881015117407
CA3391911775320081115,2008,2008,-0.05689074211193213
CA4156612316620090821,2009,2008,-0.20308918527281158
CA3419711786020090825,2009,2008,-0.14589181534122875
CA3334311736220100713,2010,2008,-0.005763673294792518
CA3790211905120100726,2010,2008,-0.015579562880507672
CA3309811647820111001,2011,2008,-0.04936873480876874
CA3713411828320110913,2011,2008,-0.011601406966918878
CA3355611691120120814,2012,2008,-0.0314014159246941
CA3260811624320120517,2012,2008,0.01211127253845603
CA4018812160120130501,2013,2008,-0.21573412022564623
CA3881312282620131122,2013,2008,-0.1698219348442638
CA3976812365020140730,2014,2008,-0.32270947893287555
CA4122712136220140731,2014,2008,-0.15487696969265585
CA3745411858420150206,2015,2008,-0.017082228130442897
CA4016812363920150730,2015,2008,-0.28340208553071944
CA3779911892220160804,2016,2008,-0.0828893613434401
CA3436911855620160709,2016,2008,-0.09272300241613644
CA4145212338020170811,2017,2008,-0.2551609402751018
CA3589912026320170710,2017,2008,-0.07415889365501367
CA3906012314020180727,2018,2008,-0.15312787487388155
CA3511712010020180819,2018,2008,-0.02877247674530678
CA3892812226620190608,2019,2008,-0.12019324732920468
CA3433711905320191031,2019,2008,-0.04202199978037476
CA4185812335420200908,2020,2008,-0.290481611506678
CA3375311768720201026,2020,2008,0.0018525260977730283
CA4156412340420210801,2021,2008,-0.2274046524016473
CA3658211879520210912,2021,2008,-0.20705948231985458
CA3633311865120220803,2022,2008,-0.11131826204714776
CA4090712359920220805,2022,2008,-0.3120043087136155
CA3389011707120230714,2023,2008,-0.013789902077932488
CA3806111999220230909,2023,2008,-0.15315392673372474
CA3589912013419840525,1984,2009,0.046120028957456136
CA3631411886919840821,1984,2009,-0.15256764297482053
CA4095612245219850718,1985,2009,-0.24422684342870793
CA4059212068919850708,1985,2009,-0.039566184482481316
CA3665912086319860602,1986,2009,0.049416482769698684
CA3389911714619860529,1986,2009,0.01040066618560444
CA4184912355119870830,1987,2009,-0.19017382558344115
CA3600012102719870707,1987,2009,-0.031069878796295938
CA3362611673419880602,1988,2009,-0.05855830365280969
CA3879412296619880824,1988,2009,-0.18310262400968594
CA3407511899419891029,1989,2009,-0.010045894847240796
CA3464911838419890628,1989,2009,-0.09054821647265039
CA4033912181119900809,1990,2009,-0.11182597400972359
CA3305811714419900910,1990,2009,-0.008880706925128878
CA3655211908319910922,1991,2009,-0.05883467288061056
CA3876512278719911020,1991,2009,-0.24451360151260998
CA3592712121419920821,1992,2009,-0.030499643581767193
CA3622012145819920801,1992,2009,-0.1045649646374186
CA3411411897719931026,1993,2009,-0.040238191260509905
CA3407011864919931102,1993,2009,-0.09827462645144225
CA3765511953619940809,1994,2009,-0.08637635584592927
CA3715011953419940912,1994,2009,-0.09860107248308672
CA3805012286419951003,1995,2009,-0.22860052166303402
CA3515211854719950829,1995,2009,-0.07054590373979926
CA3520911991019960520,1996,2009,0.060373549612836024
CA3791311981819960814,1996,2009,-0.16675911725198866
CA3344711729819970904,1997,2009,-0.0720983538416054
CA3471012049419970927,1997,2009,-0.026259311865322217
CA3442211887219981018,1998,2009,-0.024454850431714057
CA3688212081319980710,1998,2009,0.030823160247693805
CA3975712171519990823,1999,2009,-0.0724468225711185
CA3784511998419990823,1999,2009,-0.14594218061863254
CA3625712072920000803,2000,2009,-0.07524727248664348
CA3771612024820000702,2000,2009,-0.052650398781099096
CA3777211886020010702,2001,2009,-0.04299663470695561
CA3396111727920010623,2001,2009,0.019709202711188242
CA4146112251620020713,2002,2009,-0.03132530112968989
CA3474011878120020618,2002,2009,0.015259697764579541
CA3500511465220030716,2003,2009,0.0010349667632499318
CA3976112013320030720,2003,2009,0.04301408626538782
CA3796411972720041015,2004,2009,-0.05622291547911214
CA3376011738120040503,2004,2009,0.0023887316211575423
CA3937412284420050809,2005,2009,-0.10920614552981345
CA3508611531720050622,2005,2009,0.031836410576476834
CA3605012069320060722,2006,2009,-0.004513521249931113
CA3528111983720060711,2006,2009,0.049961923324223646
CA3338411718020071022,2007,2009,-0.0334214202528538
CA3757311966320071029,2007,2009,-0.17763053132410286
CA3976512124820080622,2008,2009,-0.2557147149915322
CA3391911775320081115,2008,2009,-0.032048547818664445
CA4156612316620090821,2009,2009,-0.16938548246193405
CA3419711786020090825,2009,2009,-0.10671900978332936
CA3334311736220100713,2010,2009,0.03969369289858895
CA3790211905120100726,2010,2009,-0.0072270902964656075
CA3309811647820111001,2011,2009,-0.05862008124662021
CA3713411828320110913,2011,2009,0.014159917151939878
CA3355611691120120814,2012,2009,-0.007969315255102794
CA3260811624320120517,2012,2009,0.012794690629563947
CA4018812160120130501,2013,2009,-0.2198723565214631
CA3881312282620131122,2013,2009,-0.1653164617820836
CA3976812365020140730,2014,2009,-0.31572016257706603
CA4122712136220140731,2014,2009,-0.15284232594660221
CA3745411858420150206,2015,2009,0.002678012475255478
CA4016812363920150730,2015,2009,-0.26762483314959284
CA3779911892220160804,2016,2009,-0.08660966751321278
CA3436911855620160709,2016,2009,-0.05437480630462133
CA4145212338020170811,2017,2009,-0.2144980628433854
CA3589912026320170710,2017,2009,-0.019826330202839016
CA3906012314020180727,2018,2009,-0.16380566064506824
CA3511712010020180819,2018,2009,0.0005547298348263942
CA3892812226620190608,2019,2009,-0.09208333698089576
CA3433711905320191031,2019,2009,0.0016178176339578982
CA4185812335420200908,2020,2009,-0.274253592134016
CA3375311768720201026,2020,2009,0.026217455901793883
CA4156412340420210801,2021,2009,-0.1715186925327523
CA3658211879520210912,2021,2009,-0.2019461460133597
CA3633311865120220803,2022,2009,-0.10898008430902802
CA4090712359920220805,2022,2009,-0.28900098763221865
CA3389011707120230714,2023,2009,0.015338379248685904
CA3806111999220230909,2023,2009,-0.15722578871341825
CA3589912013419840525,1984,2010,-0.04800743654159884
CA3631411886919840821,1984,2010,-0.18354934816639748
CA4095612245219850718,1985,2010,-0.26646088134273843
CA4059212068919850708,1985,2010,-0.050950495438242635
CA3665912086319860602,1986,2010,-0.02353308048919039
CA3389911714619860529,1986,2010,0.01614245003922375
CA4184912355119870830,1987,2010,-0.20841791721352199
CA3600012102719870707,1987,2010,-0.1025358177987079
CA3362611673419880602,1988,2010,-0.0926671086830528
CA3879412296619880824,1988,2010,-0.19789415356608284
CA3407511899419891029,1989,2010,-0.02796615440079
CA3464911838419890628,1989,2010,-0.11818770904529663
CA4033912181119900809,1990,2010,-0.14260909043018333
CA3305811714419900910,1990,2010,-0.049119379220409515
CA3655211908319910922,1991,2010,-0.11074975175115158
CA3876512278719911020,1991,2010,-0.2535296063179689
CA3592712121419920821,1992,2010,-0.06932645510959005
CA3622012145819920801,1992,2010,-0.15680082701193512
CA3411411897719931026,1993,2010,-0.059006420670364386
CA3407011864919931102,1993,2010,-0.10623531674420283
CA3765511953619940809,1994,2010,-0.09219653978857213
CA3715011953419940912,1994,2010,-0.11816944515503054
CA3805012286419951003,1995,2010,-0.22007697370181342
CA3515211854719950829,1995,2010,-0.09578825959493026
CA3520911991019960520,1996,2010,-0.026285642001086185
CA3791311981819960814,1996,2010,-0.181014223597623
CA3344711729819970904,1997,2010,-0.10119199533963683
CA3471012049419970927,1997,2010,-0.05862811374015066
CA3442211887219981018,1998,2010,-0.037285080612467554
CA3688212081319980710,1998,2010,-0.025138351627815875
CA3975712171519990823,1999,2010,-0.1140548681529802
CA3784511998419990823,1999,2010,-0.16739681050303187
CA3625712072920000803,2000,2010,-0.13714869852361283
CA3771612024820000702,2000,2010,-0.08252554239268982
CA3777211886020010702,2001,2010,-0.057863386142182206
CA3396111727920010623,2001,2010,0.027450882569710316
CA4146112251620020713,2002,2010,-0.04978898587653067
CA3474011878120020618,2002,2010,0.0007507095360920762
CA3500511465220030716,2003,2010,-0.034769525680390996
CA3976112013320030720,2003,2010,-0.009146005263412964
CA3796411972720041015,2004,2010,-0.06342212666983658
CA3376011738120040503,2004,2010,0.00832650526858704
CA3937412284420050809,2005,2010,-0.13959628451913644
CA3508611531720050622,2005,2010,0.015372672513588759
CA3605012069320060722,2006,2010,-0.08696181226566341
CA3528111983720060711,2006,2010,0.004210880610775198
CA3338411718020071022,2007,2010,-0.06921755629081187
CA3757311966320071029,2007,2010,-0.1904314775939365
CA3976512124820080622,2008,2010,-0.26175482819964135
CA3391911775320081115,2008,2010,-0.04363348323263056
CA4156612316620090821,2009,2010,-0.12397146074647682
CA3419711786020090825,2009,2010,-0.07460051995870434
CA3334311736220100713,2010,2010,0.0809821957322848
CA3790211905120100726,2010,2010,0.0956329681808422
CA3309811647820111001,2011,2010,-0.08876887449664131
CA3713411828320110913,2011,2010,-0.035081139480097084
CA3355611691120120814,2012,2010,-0.03370414164172107
CA3260811624320120517,2012,2010,-0.01300718548009834
CA4018812160120130501,2013,2010,-0.23751653573636525
CA3881312282620131122,2013,2010,-0.17515670547363513
CA3976812365020140730,2014,2010,-0.3332450018511111
CA4122712136220140731,2014,2010,-0.15987634214885443
CA3745411858420150206,2015,2010,-0.023387851400912492
CA4016812363920150730,2015,2010,-0.28632651998616276
CA3779911892220160804,2016,2010,-0.08205780110866354
CA3436911855620160709,2016,2010,-0.06630865811141548
CA4145212338020170811,2017,2010,-0.22828789851066303
CA3589912026320170710,2017,2010,-0.09569055341002311
CA3906012314020180727,2018,2010,-0.18343112647081405
CA3511712010020180819,2018,2010,-0.034116997791292396
CA3892812226620190608,2019,2010,-0.14213593106642713
CA3433711905320191031,2019,2010,-0.0033340592630204417
CA4185812335420200908,2020,2010,-0.2886299311168895
CA3375311768720201026,2020,2010,-0.026823528709972465
CA4156412340420210801,2021,2010,-0.20324577177303882
CA3658211879520210912,2021,2010,-0.21864925329480403
CA3633311865120220803,2022,2010,-0.11505339417966912
CA4090712359920220805,2022,2010,-0.3085860995544918
CA3389011707120230714,2023,2010,0.0023351901262216052
CA3806111999220230909,2023,2010,-0.1646117200689035
CA3589912013419840525,1984,2011,-0.05204878549664781
CA3631411886919840821,1984,2011,-0.1792610010870715
CA4095612245219850718,1985,2011,-0.2729207678173522
CA4059212068919850708,1985,2011,-0.06857644412032289
CA3665912086319860602,1986,2011,-0.0029500734155948247
CA3389911714619860529,1986,2011,0.026155757009095313
CA4184912355119870830,1987,2011,-0.2001339388811167
CA3600012102719870707,1987,2011,-0.0934287175532371
CA3362611673419880602,1988,2011,-0.08873222391360389
CA3879412296619880824,1988,2011,-0.1845104942494353
CA3407511899419891029,1989,2011,-0.05577587594200321
CA3464911838419890628,1989,2011,-0.12750117409872141
CA4033912181119900809,1990,2011,-0.14362491436567534
CA3305811714419900910,1990,2011,-0.06216541149466234
CA3655211908319910922,1991,2011,-0.08552548673672221
CA3876512278719911020,1991,2011,-0.25163974249147064
CA3592712121419920821,1992,2011,0.00905355473191766
CA3622012145819920801,1992,2011,-0.14590062819562863
CA3411411897719931026,1993,2011,-0.07584451190711633
CA3407011864919931102,1993,2011,-0.131926883887094
CA3765511953619940809,1994,2011,-0.10717126133526259
CA3715011953419940912,1994,2011,-0.09645160967013888
CA3805012286419951003,1995,2011,-0.25940915935387926
CA3515211854719950829,1995,2011,-0.08598165723009427
CA3520911991019960520,1996,2011,0.055982824440257914
CA3791311981819960814,1996,2011,-0.1968488614655321
CA3344711729819970904,1997,2011,-0.1066108621193113
CA3471012049419970927,1997,2011,-0.08783778098856948
CA3442211887219981018,1998,2011,-0.05404926685109137
CA3688212081319980710,1998,2011,-0.011090054355904932
CA3975712171519990823,1999,2011,-0.08858853971751553
CA3784511998419990823,1999,2011,-0.19480373339129126
CA3625712072920000803,2000,2011,-0.1294131078230755
CA3771612024820000702,2000,2011,-0.07684170641447116
CA3777211886020010702,2001,2011,-0.044896042592192785
CA3396111727920010623,2001,2011,0.03337807980369012
CA4146112251620020713,2002,2011,-0.056881232148395945
CA3474011878120020618,2002,2011,0.009549564708102483
CA3500511465220030716,2003,2011,-0.0044106165664672915
CA3976112013320030720,2003,2011,-0.017093833865779926
CA3796411972720041015,2004,2011,-0.07578921265571226
CA3376011738120040503,2004,2011,0.0036735440681146315
CA3937412284420050809,2005,2011,-0.14780451319447602
CA3508611531720050622,2005,2011,0.014023132222886911
CA3605012069320060722,2006,2011,-0.0520789501219632
CA3528111983720060711,2006,2011,0.015886486985833823
CA3338411718020071022,2007,2011,-0.07585420298165813
CA3757311966320071029,2007,2011,-0.19777681684894075
CA3976512124820080622,2008,2011,-0.26059024002325504
CA3391911775320081115,2008,2011,-0.024496243281802305
CA4156612316620090821,2009,2011,-0.12104251528818774
CA3419711786020090825,2009,2011,-0.11317265690886653
CA3334311736220100713,2010,2011,0.02039554846242151
CA3790211905120100726,2010,2011,0.031774206593982286
CA3309811647820111001,2011,2011,-0.07473341996062575
CA3713411828320110913,2011,2011,-0.042536935988153904
CA3355611691120120814,2012,2011,-0.03520501613619939
CA3260811624320120517,2012,2011,0.011848167173582615
CA4018812160120130501,2013,2011,-0.24076721868623577
CA3881312282620131122,2013,2011,-0.1530344876281446
CA3976812365020140730,2014,2011,-0.3379797759153082
CA4122712136220140731,2014,2011,-0.16674089563611866
CA3745411858420150206,2015,2011,-0.03583817440047802
CA4016812363920150730,2015,2011,-0.29109624432099246
CA3779911892220160804,2016,2011,-0.08240362104167985
CA3436911855620160709,2016,2011,-0.07894028609425552
CA4145212338020170811,2017,2011,-0.23025881065850898
CA3589912026320170710,2017,2011,-0.07631718015349326
CA3906012314020180727,2018,2011,-0.17704968916451308
CA3511712010020180819,2018,2011,-0.02837288255167949
CA3892812226620190608,2019,2011,-0.11476642462298972
CA3433711905320191031,2019,2011,-0.02966154431698686
CA4185812335420200908,2020,2011,-0.2907776293698326
CA3375311768720201026,2020,2011,-0.04275490550615156
CA4156412340420210801,2021,2011,-0.2144541449021925
CA3658211879520210912,2021,2011,-0.21774001331468418
CA3633311865120220803,2022,2011,-0.12029563566213004
CA4090712359920220805,2022,2011,-0.3043189894537827
CA3389011707120230714,2023,2011,-0.0005198375249086452
CA3806111999220230909,2023,2011,-0.17095990090738808
CA3589912013419840525,1984,2012,
CA3631411886919840821,1984,2012,
CA4095612245219850718,1985,2012,
CA4059212068919850708,1985,2012,
CA3665912086319860602,1986,2012,
CA3389911714619860529,1986,2012,
CA4184912355119870830,1987,2012,
CA3600012102719870707,1987,2012,
CA3362611673419880602,1988,2012,
CA3879412296619880824,1988,2012,
CA3407511899419891029,1989,2012,
CA3464911838419890628,1989,2012,
CA4033912181119900809,1990,2012,
CA3305811714419900910,1990,2012,
CA3655211908319910922,1991,2012,
CA3876512278719911020,1991,2012,
CA3592712121419920821,1992,2012,
CA3622012145819920801,1992,2012,
CA3411411897719931026,1993,2012,
CA3407011864919931102,1993,2012,
CA3765511953619940809,1994,2012,
CA3715011953419940912,1994,2012,
CA3805012286419951003,1995,2012,
CA3515211854719950829,1995,2012,
CA3520911991019960520,1996,2012,
CA3791311981819960814,1996,2012,
CA3344711729819970904,1997,2012,
CA3471012049419970927,1997,2012,
CA3442211887219981018,1998,2012,
CA3688212081319980710,1998,2012,
CA3975712171519990823,1999,2012,
CA3784511998419990823,1999,2012,
CA3625712072920000803,2000,2012,
CA3771612024820000702,2000,2012,
CA3777211886020010702,2001,2012,
CA3396111727920010623,2001,2012,
CA4146112251620020713,2002,2012,
CA3474011878120020618,2002,2012,
CA3500511465220030716,2003,2012,
CA3976112013320030720,2003,2012,
CA3796411972720041015,2004,2012,
CA3376011738120040503,2004,2012,
CA3937412284420050809,2005,2012,
CA3508611531720050622,2005,2012,
CA3605012069320060722,2006,2012,
CA3528111983720060711,2006,2012,
CA3338411718020071022,2007,2012,
CA3757311966320071029,2007,2012,
CA3976512124820080622,2008,2012,
CA3391911775320081115,2008,2012,
CA4156612316620090821,2009,2012,
CA3419711786020090825,2009,2012,
CA3334311736220100713,2010,2012,
CA3790211905120100726,2010,2012,
CA3309811647820111001,2011,2012,
CA3713411828320110913,2011,2012,
CA3355611691120120814,2012,2012,
CA3260811624320120517,2012,2012,
CA4018812160120130501,2013,2012,
CA3881312282620131122,2013,2012,
CA3976812365020140730,2014,2012,
CA4122712136220140731,2014,2012,
CA3745411858420150206,2015,2012,
CA4016812363920150730,2015,2012,
CA3779911892220160804,2016,2012,
CA3436911855620160709,2016,2012,
CA4145212338020170811,2017,2012,
CA3589912026320170710,2017,2012,
CA3906012314020180727,2018,2012,
CA3511712010020180819,2018,2012,
CA3892812226620190608,2019,2012,
CA3433711905320191031,2019,2012,
CA4185812335420200908,2020,2012,
CA3375311768720201026,2020,2012,
CA4156412340420210801,2021,2012,
CA3658211879520210912,2021,2012,
CA3633311865120220803,2022,2012,
CA4090712359920220805,2022,2012,
CA3389011707120230714,2023,2012,
CA3806111999220230909,2023,2012,
CA3589912013419840525,1984,2013,0.057931479525728136
CA3631411886919840821,1984,2013,-0.1568589550301358
CA4095612245219850718,1985,2013,-0.26448259711914845
CA4059212068919850708,1985,2013,-0.05358216388306853
CA3665912086319860602,1986,2013,0.027215267411457127
CA3389911714619860529,1986,2013,0.06252939814761303
CA4184912355119870830,1987,2013,-0.20302352910139976
CA3600012102719870707,1987,2013,-0.013452374846222906
CA3362611673419880602,1988,2013,-0.02322603060576016
CA3879412296619880824,1988,2013,-0.1665082596561408
CA3407511899419891029,1989,2013,0.07422994136875212
CA3464911838419890628,1989,2013,-0.027015534045877372
CA4033912181119900809,1990,2013,-0.10840795101600101
CA3305811714419900910,1990,2013,-0.022023322910523932
CA3655211908319910922,1991,2013,-0.06654726199162049
CA3876512278719911020,1991,2013,-0.23188904978621716
CA3592712121419920821,1992,2013,-0.028787498214550837
CA3622012145819920801,1992,2013,-0.11506575128111396
CA3411411897719931026,1993,2013,0.04792232642154065
CA3407011864919931102,1993,2013,-0.06870188547913036
CA3765511953619940809,1994,2013,-0.0992730466335937
CA3715011953419940912,1994,2013,-0.09655313142849525
CA3805012286419951003,1995,2013,-0.2343267463111101
CA3515211854719950829,1995,2013,-0.008952262629334564
CA3520911991019960520,1996,2013,0.0742747759052219
CA3791311981819960814,1996,2013,-0.15023892127080687
CA3344711729819970904,1997,2013,-0.05652977971079677
CA3471012049419970927,1997,2013,-0.022922624991945237
CA3442211887219981018,1998,2013,-0.0017820071796024917
CA3688212081319980710,1998,2013,-0.005643635595859958
CA3975712171519990823,1999,2013,-0.10567319638530971
CA3784511998419990823,1999,2013,-0.04641120987845371
CA3625712072920000803,2000,2013,-0.07816494982286634
CA3771612024820000702,2000,2013,-0.064786408119526
CA3777211886020010702,2001,2013,-0.030082549244779246
CA3396111727920010623,2001,2013,0.04623492986543903
CA4146112251620020713,2002,2013,-0.04510418636275351
CA3474011878120020618,2002,2013,0.07009929056107524
CA3500511465220030716,2003,2013,-0.018623099934195374
CA3976112013320030720,2003,2013,0.027108563699551395
CA3796411972720041015,2004,2013,-0.06373088152948649
CA3376011738120040503,2004,2013,0.05200425496281441
CA3937412284420050809,2005,2013,-0.13181110493223971
CA3508611531720050622,2005,2013,-0.003969210342982574
CA3605012069320060722,2006,2013,0.021854666424970293
CA3528111983720060711,2006,2013,0.057745586294726904
CA3338411718020071022,2007,2013,-0.052057075461269815
CA3757311966320071029,2007,2013,-0.2002839188591708
CA3976512124820080622,2008,2013,-0.27217954170930303
CA3391911775320081115,2008,2013,0.008530773737504618
CA4156612316620090821,2009,2013,-0.12844021899939917
CA3419711786020090825,2009,2013,-0.0738077164137425
CA3334311736220100713,2010,2013,0.05115115160495802
CA3790211905120100726,2010,2013,-0.030402316806036188
CA3309811647820111001,2011,2013,0.009243310167626365
CA3713411828320110913,2011,2013,0.028113607327482346
CA3355611691120120814,2012,2013,0.13942903528087322
CA3260811624320120517,2012,2013,0.07765735473716348
CA4018812160120130501,2013,2013,-0.07604603101429568
CA3881312282620131122,2013,2013,-0.13739760989692554
CA3976812365020140730,2014,2013,-0.3289911973370329
CA4122712136220140731,2014,2013,-0.16336941253447645
CA3745411858420150206,2015,2013,-0.015389470786609823
CA4016812363920150730,2015,2013,-0.2743195832965937
CA3779911892220160804,2016,2013,-0.08057173803232254
CA3436911855620160709,2016,2013,0.0002455267437826622
CA4145212338020170811,2017,2013,-0.23561067578986963
CA3589912026320170710,2017,2013,-0.04394998271542977
CA3906012314020180727,2018,2013,-0.14752531327646987
CA3511712010020180819,2018,2013,-0.004038990570360082
CA3892812226620190608,2019,2013,-0.11688440485896565
CA3433711905320191031,2019,2013,0.020429844487825734
CA4185812335420200908,2020,2013,-0.2907081798548142
CA3375311768720201026,2020,2013,0.0148343539808138
CA4156412340420210801,2021,2013,-0.2226265096197074
CA3658211879520210912,2021,2013,-0.1985548627909444
CA3633311865120220803,2022,2013,-0.10654077003869121
CA4090712359920220805,2022,2013,-0.31305475874290156
CA3389011707120230714,2023,2013,0.05822723065648296
CA3806111999220230909,2023,2013,-0.16167539301070208
CA3589912013419840525,1984,2014,0.05858445300397249
CA3631411886919840821,1984,2014,-0.13529483788570407
CA4095612245219850718,1985,2014,-0.2519296798284774
CA4059212068919850708,1985,2014,-0.04955387831681201
CA3665912086319860602,1986,2014,0.05616949945390849
CA3389911714619860529,1986,2014,0.0880286997987668
CA4184912355119870830,1987,2014,-0.20894415060460408
CA3600012102719870707,1987,2014,-0.011858631441418712
CA3362611673419880602,1988,2014,-0.024916310497691344
CA3879412296619880824,1988,2014,-0.18353290541529793
CA3407511899419891029,1989,2014,0.04960756170851553
CA3464911838419890628,1989,2014,-0.07493550990698038
CA4033912181119900809,1990,2014,-0.10184068768859073
CA3305811714419900910,1990,2014,0.0021104747215697694
CA3655211908319910922,1991,2014,-0.0561823608818624
CA3876512278719911020,1991,2014,-0.23835234540260494
CA3592712121419920821,1992,2014,-0.04436694083036576
CA3622012145819920801,1992,2014,-0.11742025963867606
CA3411411897719931026,1993,2014,0.02722659252141775
CA3407011864919931102,1993,2014,-0.06385823576168671
CA3765511953619940809,1994,2014,-0.10561606143778686
CA3715011953419940912,1994,2014,-0.07793146444650778
CA3805012286419951003,1995,2014,-0.20407335157274734
CA3515211854719950829,1995,2014,-0.004247779715593271
CA3520911991019960520,1996,2014,0.10433678025566351
CA3791311981819960814,1996,2014,-0.03490778423272459
CA3344711729819970904,1997,2014,-0.061733630910512524
CA3471012049419970927,1997,2014,-0.03507325043926235
CA3442211887219981018,1998,2014,-0.020597081128491842
CA3688212081319980710,1998,2014,0.03319326564073388
CA3975712171519990823,1999,2014,-0.09948144386690244
CA3784511998419990823,1999,2014,0.008651773268650397
CA3625712072920000803,2000,2014,-0.05993796220277135
CA3771612024820000702,2000,2014,-0.04241432072086263
CA3777211886020010702,2001,2014,-0.015361355919200296
CA3396111727920010623,2001,2014,0.06225083312669703
CA4146112251620020713,2002,2014,-0.054470126771439496
CA3474011878120020618,2002,2014,0.045998234989514566
CA3500511465220030716,2003,2014,-0.006959334054242571
CA3976112013320030720,2003,2014,0.03674542168358767
CA3796411972720041015,2004,2014,-0.07881388499176083
CA3376011738120040503,2004,2014,0.0688260443214284
CA3937412284420050809,2005,2014,-0.1376960657312954
CA3508611531720050622,2005,2014,-0.0014945770764417884
CA3605012069320060722,2006,2014,0.007795723034537657
CA3528111983720060711,2006,2014,0.06459797413341611
CA3338411718020071022,2007,2014,-0.04079686584156618
CA3757311966320071029,2007,2014,-0.1968717046890797
CA3976512124820080622,2008,2014,-0.26791684997048604
CA3391911775320081115,2008,2014,0.016481150031024586
CA4156612316620090821,2009,2014,-0.13581485573778707
CA3419711786020090825,2009,2014,-0.08979060568079673
CA3334311736220100713,2010,2014,0.07454334062245821
CA3790211905120100726,2010,2014,-0.04854515698781146
CA3309811647820111001,2011,2014,0.009332953729579754
CA3713411828320110913,2011,2014,0.010366922523870229
CA3355611691120120814,2012,2014,0.11270517591475265
CA3260811624320120517,2012,2014,0.07982772282665518
CA4018812160120130501,2013,2014,-0.08917978169773907
CA3881312282620131122,2013,2014,-0.15551862089798596
CA3976812365020140730,2014,2014,-0.26286667211629766
CA4122712136220140731,2014,2014,-0.004275271959451107
CA3745411858420150206,2015,2014,-0.01251784907110215
CA4016812363920150730,2015,2014,-0.28412320570672883
CA3779911892220160804,2016,2014,-0.06680657105154296
CA3436911855620160709,2016,2014,-0.01514473142964163
CA4145212338020170811,2017,2014,-0.24226043294702804
CA3589912026320170710,2017,2014,-0.0315580667719503
CA3906012314020180727,2018,2014,-0.15496278390790308
CA3511712010020180819,2018,2014,0.031413858002079256
CA3892812226620190608,2019,2014,-0.11624297021435405
CA3433711905320191031,2019,2014,0.0023987628886325456
CA4185812335420200908,2020,2014,-0.2826356592314173
CA3375311768720201026,2020,2014,0.009795829776851988
CA4156412340420210801,2021,2014,-0.2263422973894519
CA3658211879520210912,2021,2014,-0.18977849904034938
CA3633311865120220803,2022,2014,-0.10819572220049696
CA4090712359920220805,2022,2014,-0.3133399388634672
CA3389011707120230714,2023,2014,0.04692088368229436
CA3806111999220230909,2023,2014,-0.159038646141892
CA3589912013419840525,1984,2015,-0.007942392537722498
CA3631411886919840821,1984,2015,-0.11492254095489293
CA4095612245219850718,1985,2015,-0.24365732856675637
CA4059212068919850708,1985,2015,-0.05521033734004955
CA3665912086319860602,1986,2015,0.04445467893649121
CA3389911714619860529,1986,2015,0.08790107911598033
CA4184912355119870830,1987,2015,-0.19923066322274918
CA3600012102719870707,1987,2015,-0.03412092844925465
CA3362611673419880602,1988,2015,-0.005686658532555449
CA3879412296619880824,1988,2015,-0.16500516252749248
CA3407511899419891029,1989,2015,0.02019569059613988
CA3464911838419890628,1989,2015,-0.02561306072346184
CA4033912181119900809,1990,2015,-0.11485807952656991
CA3305811714419900910,1990,2015,-0.004193348602221893
CA3655211908319910922,1991,2015,-0.04725835313020272
CA3876512278719911020,1991,2015,-0.22199497559074602
CA3592712121419920821,1992,2015,-0.012125904104812154
CA3622012145819920801,1992,2015,-0.10536121395976152
CA3411411897719931026,1993,2015,0.007896736558212205
CA3407011864919931102,1993,2015,-0.060439689359908
CA3765511953619940809,1994,2015,-0.11281835038296138
CA3715011953419940912,1994,2015,-0.04490505181611002
CA3805012286419951003,1995,2015,-0.20323191985454736
CA3515211854719950829,1995,2015,-0.004943067193659945
CA3520911991019960520,1996,2015,0.060986745267302175
CA3791311981819960814,1996,2015,-0.08814858210525123
CA3344711729819970904,1997,2015,-0.06983539287589566
CA3471012049419970927,1997,2015,-0.026296754906992795
CA3442211887219981018,1998,2015,0.024611444599217182
CA3688212081319980710,1998,2015,-0.014165087260471974
CA3975712171519990823,1999,2015,-0.11280212507130342
CA3784511998419990823,1999,2015,-0.04664846175706172
CA3625712072920000803,2000,2015,-0.06308564916458904
CA3771612024820000702,2000,2015,-0.03673981464601878
CA3777211886020010702,2001,2015,-0.030201519960041678
CA3396111727920010623,2001,2015,0.0525694336647959
CA4146112251620020713,2002,2015,-0.05230530352807139
CA3474011878120020618,2002,2015,0.06973513488694974
CA3500511465220030716,2003,2015,-0.008093696185742447
CA3976112013320030720,2003,2015,0.030323300390794127
CA3796411972720041015,2004,2015,-0.08498052773622153
CA3376011738120040503,2004,2015,0.06727586676665455
CA3937412284420050809,2005,2015,-0.1324478240489758
CA3508611531720050622,2005,2015,0.020202051788796523
CA3605012069320060722,2006,2015,0.002804160065774337
CA3528111983720060711,2006,2015,0.03743992263187241
CA3338411718020071022,2007,2015,-0.028810296296338633
CA3757311966320071029,2007,2015,-0.20359182530786785
CA3976512124820080622,2008,2015,-0.26834303263348336
CA3391911775320081115,2008,2015,0.03330068296669316
CA4156612316620090821,2009,2015,-0.11007180078810817
CA3419711786020090825,2009,2015,-0.06386364331782075
CA3334311736220100713,2010,2015,0.07090025814439764
CA3790211905120100726,2010,2015,-0.05683833654988939
CA3309811647820111001,2011,2015,-0.0002848290405892311
CA3713411828320110913,2011,2015,0.02090258857223252
CA3355611691120120814,2012,2015,0.09779008507976891
CA3260811624320120517,2012,2015,0.056235293753327815
CA4018812160120130501,2013,2015,-0.11025348676712803
CA3881312282620131122,2013,2015,-0.1121731185737508
CA3976812365020140730,2014,2015,-0.21988990821998047
CA4122712136220140731,2014,2015,0.02516248790591759
CA3745411858420150206,2015,2015,0.044330491481866054
CA4016812363920150730,2015,2015,-0.2193071544226715
CA3779911892220160804,2016,2015,-0.06633588150230219
CA3436911855620160709,2016,2015,0.016306516826881064
CA4145212338020170811,2017,2015,-0.23585681410704512
CA3589912026320170710,2017,2015,-0.0504022088771968
CA3906012314020180727,2018,2015,-0.14491740094180053
CA3511712010020180819,2018,2015,0.027173735997429328
CA3892812226620190608,2019,2015,-0.12467584011240129
CA3433711905320191031,2019,2015,0.02518351830816979
CA4185812335420200908,2020,2015,-0.2698868078859049
CA3375311768720201026,2020,2015,0.008345957128900123
CA4156412340420210801,2021,2015,-0.21488237756864786
CA3658211879520210912,2021,2015,-0.17544814299899614
CA3633311865120220803,2022,2015,-0.10325818019285454
CA4090712359920220805,2022,2015,-0.29081917412997466
CA3389011707120230714,2023,2015,0.059936913808101816
CA3806111999220230909,2023,2015,-0.1612885276231586
CA3589912013419840525,1984,2016,0.005327580238895187
CA3631411886919840821,1984,2016,-0.17531135876679196
CA4095612245219850718,1985,2016,-0.26279103994635106
CA4059212068919850708,1985,2016,-0.07571545305552894
CA3665912086319860602,1986,2016,0.002609542792953955
CA3389911714619860529,1986,2016,0.03681171303442781
CA4184912355119870830,1987,2016,-0.20275994168505015
CA3600012102719870707,1987,2016,-0.0270632795793375
CA3362611673419880602,1988,2016,-0.042042648541581136
CA3879412296619880824,1988,2016,-0.1975959457098062
CA3407511899419891029,1989,2016,0.02574799454682808
CA3464911838419890628,1989,2016,-0.06262085065420481
CA4033912181119900809,1990,2016,-0.13307225011603932
CA3305811714419900910,1990,2016,-0.033636934176465995
CA3655211908319910922,1991,2016,-0.07804435070648358
CA3876512278719911020,1991,2016,-0.21282185115383262
CA3592712121419920821,1992,2016,-0.07023517360923992
CA3622012145819920801,1992,2016,-0.11388944144451793
CA3411411897719931026,1993,2016,-0.0007990043526400579
CA3407011864919931102,1993,2016,-0.05362888904017397
CA3765511953619940809,1994,2016,-0.11261698089103987
CA3715011953419940912,1994,2016,-0.09856045903399574
CA3805012286419951003,1995,2016,-0.2232353410608208
CA3515211854719950829,1995,2016,-0.09130854780552196
CA3520911991019960520,1996,2016,0.06398555786403402
CA3791311981819960814,1996,2016,-0.11852048004176412
CA3344711729819970904,1997,2016,-0.0660955511595286
CA3471012049419970927,1997,2016,-0.05450574429195334
CA3442211887219981018,1998,2016,-0.006259806804689602
CA3688212081319980710,1998,2016,-0.022603696186469648
CA3975712171519990823,1999,2016,-0.11572041917002893
CA3784511998419990823,1999,2016,-0.12281188299662713
CA3625712072920000803,2000,2016,-0.10576385359930512
CA3771612024820000702,2000,2016,-0.07195877753749917
CA3777211886020010702,2001,2016,-0.0583475118702416
CA3396111727920010623,2001,2016,0.04849047616568251
CA4146112251620020713,2002,2016,-0.06526186278137644
CA3474011878120020618,2002,2016,0.05674229386122686
CA3500511465220030716,2003,2016,0.0018008540963350378
CA3976112013320030720,2003,2016,-0.04283796715257453
CA3796411972720041015,2004,2016,-0.09420665771268498
CA3376011738120040503,2004,2016,0.052586142793726545
CA3937412284420050809,2005,2016,-0.161415936433843
CA3508611531720050622,2005,2016,0.006126841637638026
CA3605012069320060722,2006,2016,-0.022495479101310344
CA3528111983720060711,2006,2016,0.052327400124955716
CA3338411718020071022,2007,2016,-0.04642823169306814
CA3757311966320071029,2007,2016,-0.19130589892371241
CA3976512124820080622,2008,2016,-0.280788121645161
CA3391911775320081115,2008,2016,0.012384669312862634
CA4156612316620090821,2009,2016,-0.14017538173043445
CA3419711786020090825,2009,2016,-0.02246270163018676
CA3334311736220100713,2010,2016,0.048818284715676126
CA3790211905120100726,2010,2016,-0.05412514168940404
CA3309811647820111001,2011,2016,-0.008375946918882477
CA3713411828320110913,2011,2016,-0.0026415695647020745
CA3355611691120120814,2012,2016,0.06249373687137364
CA3260811624320120517,2012,2016,0.04429401218547394
CA4018812160120130501,2013,2016,-0.1457147220003313
CA3881312282620131122,2013,2016,-0.15288450937689782
CA3976812365020140730,2014,2016,-0.24815009066277116
CA4122712136220140731,2014,2016,0.027457836243852927
CA3745411858420150206,2015,2016,-0.003413370529379548
CA4016812363920150730,2015,2016,-0.22112805341297428
CA3779911892220160804,2016,2016,0.026849322795539036
CA3436911855620160709,2016,2016,0.08893801598350685
CA4145212338020170811,2017,2016,-0.24965934603878245
CA3589912026320170710,2017,2016,-0.05799182322937192
CA3906012314020180727,2018,2016,-0.17888319920531637
CA3511712010020180819,2018,2016,0.0005957657560101148
CA3892812226620190608,2019,2016,-0.11457301218139812
CA3433711905320191031,2019,2016,0.011482228194694835
CA4185812335420200908,2020,2016,-0.28147988102697447
CA3375311768720201026,2020,2016,-0.0008413423287925766
CA4156412340420210801,2021,2016,-0.23250777032487138
CA3658211879520210912,2021,2016,-0.18808300735963002
CA3633311865120220803,2022,2016,-0.10459876035464782
CA4090712359920220805,2022,2016,-0.30664575634107977
CA3389011707120230714,2023,2016,0.03538067300828369
CA3806111999220230909,2023,2016,-0.15946735102097606
CA3589912013419840525,1984,2017,-0.09985629088352152
CA3631411886919840821,1984,2017,-0.18419082083265703
CA4095612245219850718,1985,2017,-0.2627223383584458
CA4059212068919850708,1985,2017,-0.08323727648599892
CA3665912086319860602,1986,2017,-0.026637262200192906
CA3389911714619860529,1986,2017,-0.03877530427216157
CA4184912355119870830,1987,2017,-0.2111039821813709
CA3600012102719870707,1987,2017,-0.09458655945830423
CA3362611673419880602,1988,2017,-0.07097292460995637
CA3879412296619880824,1988,2017,-0.21229230414744082
CA3407511899419891029,1989,2017,-0.04801208760631028
CA3464911838419890628,1989,2017,-0.07613618406803829
CA4033912181119900809,1990,2017,-0.13342734671658357
CA3305811714419900910,1990,2017,-0.06414225239969594
CA3655211908319910922,1991,2017,-0.08629176727970739
CA3876512278719911020,1991,2017,-0.22615200939062405
CA3592712121419920821,1992,2017,-0.07832354527978376
CA3622012145819920801,1992,2017,-0.1540398043524046
CA3411411897719931026,1993,2017,-0.05474569228234005
CA3407011864919931102,1993,2017,-0.10369553950627955
CA3765511953619940809,1994,2017,-0.12181018061387391
CA3715011953419940912,1994,2017,-0.1335521386018726
CA3805012286419951003,1995,2017,-0.26219127400134373
CA3515211854719950829,1995,2017,-0.07531823133629606
CA3520911991019960520,1996,2017,-0.07217488391175343
CA3791311981819960814,1996,2017,-0.13491055317802209
CA3344711729819970904,1997,2017,-0.10378182619321602
CA3471012049419970927,1997,2017,-0.09048049465851624
CA3442211887219981018,1998,2017,-0.0825141780325233
CA3688212081319980710,1998,2017,-0.07824444578867817
CA3975712171519990823,1999,2017,-0.13521739551059275
CA3784511998419990823,1999,2017,-0.13864699682812376
CA3625712072920000803,2000,2017,-0.1403840769552097
CA3771612024820000702,2000,2017,-0.07202866931940874
CA3777211886020010702,2001,2017,-0.053191472147795314
CA3396111727920010623,2001,2017,-0.041722872286758764
CA4146112251620020713,2002,2017,-0.08221809966168404
CA3474011878120020618,2002,2017,0.010577464098330238
CA3500511465220030716,2003,2017,0.021376915873859707
CA3976112013320030720,2003,2017,-0.048567103180336156
CA3796411972720041015,2004,2017,-0.09564688450578675
CA3376011738120040503,2004,2017,-0.03140167192130943
CA3937412284420050809,2005,2017,-0.1685198341820613
CA3508611531720050622,2005,2017,-0.0025931904103368908
CA3605012069320060722,2006,2017,-0.08173442697041064
CA3528111983720060711,2006,2017,-0.05622239844280907
CA3338411718020071022,2007,2017,-0.08838523986004375
CA3757311966320071029,2007,2017,-0.1920679718594021
CA3976512124820080622,2008,2017,-0.29913515054308487
CA3391911775320081115,2008,2017,-0.08259736223436262
CA4156612316620090821,2009,2017,-0.15677911223007768
CA3419711786020090825,2009,2017,-0.09323710136312233
CA3334311736220100713,2010,2017,-0.004990334305622794
CA3790211905120100726,2010,2017,-0.03227656411140527
CA3309811647820111001,2011,2017,-0.04542140490813256
CA3713411828320110913,2011,2017,-0.03804454265553195
CA3355611691120120814,2012,2017,0.011018876355494532
CA3260811624320120517,2012,2017,0.018825605937591684
CA4018812160120130501,2013,2017,-0.15679659679989963
CA3881312282620131122,2013,2017,-0.1688203291298942
CA3976812365020140730,2014,2017,-0.2685837058091864
CA4122712136220140731,2014,2017,0.022223017965844923
CA3745411858420150206,2015,2017,-0.022464254394480333
CA4016812363920150730,2015,2017,-0.2255353390145039
CA3779911892220160804,2016,2017,0.001556174135773756
CA3436911855620160709,2016,2017,-0.07374578107605691
CA4145212338020170811,2017,2017,-0.2424703755394648
CA3589912026320170710,2017,2017,0.04277199512629845
CA3906012314020180727,2018,2017,-0.18660577698845462
CA3511712010020180819,2018,2017,-0.04139546930547071
CA3892812226620190608,2019,2017,-0.14775878324454714
CA3433711905320191031,2019,2017,-0.05818566401798241
CA4185812335420200908,2020,2017,-0.29397809315214096
CA3375311768720201026,2020,2017,-0.05750022937392421
CA4156412340420210801,2021,2017,-0.24231739622041637
CA3658211879520210912,2021,2017,-0.19237700621250028
CA3633311865120220803,2022,2017,-0.11259745501062902
CA4090712359920220805,2022,2017,-0.31690571852183624
CA3389011707120230714,2023,2017,-0.06387663920529152
CA3806111999220230909,2023,2017,-0.15865791219962355
CA3589912013419840525,1984,2018,-0.023500938766023532
CA3631411886919840821,1984,2018,-0.16273900775571604
CA4095612245219850718,1985,2018,-0.26703003997731894
CA4059212068919850708,1985,2018,-0.07908736411908038
CA3665912086319860602,1986,2018,0.01893101945947795
CA3389911714619860529,1986,2018,0.047482313253215315
CA4184912355119870830,1987,2018,-0.20878166708019194
CA3600012102719870707,1987,2018,-0.05193195294815522
CA3362611673419880602,1988,2018,-0.028135004822280936
CA3879412296619880824,1988,2018,-0.18490595817877312
CA3407511899419891029,1989,2018,-0.028621966323752326
CA3464911838419890628,1989,2018,-0.06861388862263822
CA4033912181119900809,1990,2018,-0.11189887957890295
CA3305811714419900910,1990,2018,-0.020580048532972895
CA3655211908319910922,1991,2018,-0.08223917289719476
CA3876512278719911020,1991,2018,-0.2309839112217946
CA3592712121419920821,1992,2018,-0.047921114306101714
CA3622012145819920801,1992,2018,-0.1244022573494135
CA3411411897719931026,1993,2018,-0.045254187879074065
CA3407011864919931102,1993,2018,-0.0859834921079813
CA3765511953619940809,1994,2018,-0.10958192172870071
CA3715011953419940912,1994,2018,-0.11102130868135422
CA3805012286419951003,1995,2018,-0.2434473170059339
CA3515211854719950829,1995,2018,-0.06839827279914429
CA3520911991019960520,1996,2018,-0.0026320550898670187
CA3791311981819960814,1996,2018,-0.13873666290793144
CA3344711729819970904,1997,2018,-0.052645449031255565
CA3471012049419970927,1997,2018,-0.0775224194302942
CA3442211887219981018,1998,2018,-0.037964401123578004
CA3688212081319980710,1998,2018,0.005021236377768336
CA3975712171519990823,1999,2018,-0.13531520441742015
CA3784511998419990823,1999,2018,-0.1347728753714786
CA3625712072920000803,2000,2018,-0.12192980915376934
CA3771612024820000702,2000,2018,-0.0703899430265173
CA3777211886020010702,2001,2018,-0.05972894819274382
CA3396111727920010623,2001,2018,0.047136855297467084
CA4146112251620020713,2002,2018,-0.05862609766787436
CA3474011878120020618,2002,2018,0.039846171663085586
CA3500511465220030716,2003,2018,0.011963635905461512
CA3976112013320030720,2003,2018,-0.032917465806641066
CA3796411972720041015,2004,2018,-0.08856976996775702
CA3376011738120040503,2004,2018,0.04095097259091464
CA3937412284420050809,2005,2018,-0.11365939029357573
CA3508611531720050622,2005,2018,0.0012517858215138854
CA3605012069320060722,2006,2018,-0.043079746466833796
CA3528111983720060711,2006,2018,0.027014907059390535
CA3338411718020071022,2007,2018,-0.05557293768899339
CA3757311966320071029,2007,2018,-0.17562913732009428
CA3976512124820080622,2008,2018,-0.2978149621996558
CA3391911775320081115,2008,2018,0.004902890849831204
CA4156612316620090821,2009,2018,-0.15118045346840003
CA3419711786020090825,2009,2018,-0.08022393453355753
CA3334311736220100713,2010,2018,0.03607594971778411
CA3790211905120100726,2010,2018,-0.0372332518512849
CA3309811647820111001,2011,2018,-0.024261981455115253
CA3713411828320110913,2011,2018,-0.018526070142324953
CA3355611691120120814,2012,2018,0.04531146528367487
CA3260811624320120517,2012,2018,0.046049934101428866
CA4018812160120130501,2013,2018,-0.1544246318878781
CA3881312282620131122,2013,2018,-0.14534079290970092
CA3976812365020140730,2014,2018,-0.2681882165623985
CA4122712136220140731,2014,2018,-0.011876601085844238
CA3745411858420150206,2015,2018,-0.0450484252512446
CA4016812363920150730,2015,2018,-0.23782980160089526
CA3779911892220160804,2016,2018,-0.04466271517567545
CA3436911855620160709,2016,2018,-0.05462538650610608
CA4145212338020170811,2017,2018,-0.1318685846502678
CA3589912026320170710,2017,2018,-0.03258464925231349
CA3906012314020180727,2018,2018,0.03203241711926071
CA3511712010020180819,2018,2018,0.06731641863276051
CA3892812226620190608,2019,2018,-0.11181729343104795
CA3433711905320191031,2019,2018,-0.002459956676279008
CA4185812335420200908,2020,2018,-0.2820028904660249
CA3375311768720201026,2020,2018,0.02774451898051418
CA4156412340420210801,2021,2018,-0.2432699868013836
CA3658211879520210912,2021,2018,-0.18492083583999935
CA3633311865120220803,2022,2018,-0.10088620378119241
CA4090712359920220805,2022,2018,-0.3205947766694704
CA3389011707120230714,2023,2018,0.03733651174174474
CA3806111999220230909,2023,2018,-0.1552127364156158
CA3589912013419840525,1984,2019,-0.035708269474949955
CA3631411886919840821,1984,2019,-0.20264141961087861
CA4095612245219850718,1985,2019,0.0032423699812906396
CA4059212068919850708,1985,2019,-0.07974507678471433
CA3665912086319860602,1986,2019,0.0017958467166850642
CA3389911714619860529,1986,2019,0.02231683659363926
CA4184912355119870830,1987,2019,-0.079105333551893
CA3600012102719870707,1987,2019,-0.09182096578676226
CA3362611673419880602,1988,2019,-0.09984282266673791
CA3879412296619880824,1988,2019,-0.20510830815497516
CA3407511899419891029,1989,2019,-0.05024603600193786
CA3464911838419890628,1989,2019,-0.11511654984976517
CA4033912181119900809,1990,2019,-0.1225976657927571
CA3305811714419900910,1990,2019,-0.05198203113854412
CA3655211908319910922,1991,2019,-0.07908970100903975
CA3876512278719911020,1991,2019,-0.24898160889257015
CA3592712121419920821,1992,2019,-0.03855470301298254
CA3622012145819920801,1992,2019,-0.1563792457726853
CA3411411897719931026,1993,2019,-0.06272803182934135
CA3407011864919931102,1993,2019,-0.1434965779848608
CA3765511953619940809,1994,2019,-0.12425391439573863
CA3715011953419940912,1994,2019,-0.12976370934932838
CA3805012286419951003,1995,2019,-0.25227094395528626
CA3515211854719950829,1995,2019,-0.10908620086280413
CA3520911991019960520,1996,2019,0.005601742245049066
CA3791311981819960814,1996,2019,-0.17082080768611488
CA3344711729819970904,1997,2019,-0.1098754282179332
CA3471012049419970927,1997,2019,-0.08453321739438989
CA3442211887219981018,1998,2019,-0.07529597672712483
CA3688212081319980710,1998,2019,-0.022657511983359753
CA3975712171519990823,1999,2019,-0.1012467916931747
CA3784511998419990823,1999,2019,-0.16972302844946674
CA3625712072920000803,2000,2019,-0.14131776922072312
CA3771612024820000702,2000,2019,-0.08943053261174487
CA3777211886020010702,2001,2019,-0.07453920104833224
CA3396111727920010623,2001,2019,0.019014791833275504
CA4146112251620020713,2002,2019,-0.06298215843843677
CA3474011878120020618,2002,2019,-0.009517462296538225
CA3500511465220030716,2003,2019,0.005597522353971386
CA3976112013320030720,2003,2019,-0.018559841947076033
CA3796411972720041015,2004,2019,-0.10396129106542741
CA3376011738120040503,2004,2019,-0.0014968261850099697
CA3937412284420050809,2005,2019,-0.12511571328603197
CA3508611531720050622,2005,2019,-0.001043349867054771
CA3605012069320060722,2006,2019,-0.0391409152295798
CA3528111983720060711,2006,2019,0.021478630244685836
CA3338411718020071022,2007,2019,-0.08857895665122574
CA3757311966320071029,2007,2019,-0.2027687990279303
CA3976512124820080622,2008,2019,-0.29571699431798926
CA3391911775320081115,2008,2019,-0.0773581977431088
CA4156612316620090821,2009,2019,-0.16316548962654356
CA3419711786020090825,2009,2019,-0.156824883565582
CA3334311736220100713,2010,2019,0.02009614082854659
CA3790211905120100726,2010,2019,-0.028986009093521736
CA3309811647820111001,2011,2019,-0.06336781730240143
CA3713411828320110913,2011,2019,-0.062366092352793015
CA3355611691120120814,2012,2019,-0.015590248945029778
CA3260811624320120517,2012,2019,0.01334064278554177
CA4018812160120130501,2013,2019,-0.17428458627389565
CA3881312282620131122,2013,2019,-0.15243678676316608
CA3976812365020140730,2014,2019,-0.2716358651206771
CA4122712136220140731,2014,2019,-0.03726581360210505
CA3745411858420150206,2015,2019,-0.0509168782035452
CA4016812363920150730,2015,2019,-0.2389703098590334
CA3779911892220160804,2016,2019,-0.057523721080542926
CA3436911855620160709,2016,2019,-0.07793849176319133
CA4145212338020170811,2017,2019,-0.1539235509902427
CA3589912026320170710,2017,2019,-0.07560061498584841
CA3906012314020180727,2018,2019,-0.05140182366028644
CA3511712010020180819,2018,2019,0.018036180368758675
CA3892812226620190608,2019,2019,0.000463306394068311
CA3433711905320191031,2019,2019,-0.04288676104813767
CA4185812335420200908,2020,2019,-0.2876373452319586
CA3375311768720201026,2020,2019,-0.05107162388451239
CA4156412340420210801,2021,2019,-0.2550131702640687
CA3658211879520210912,2021,2019,-0.20894666479894086
CA3633311865120220803,2022,2019,-0.1196834770895154
CA4090712359920220805,2022,2019,-0.3183801587942495
CA3389011707120230714,2023,2019,-0.01814503811312719
CA3806111999220230909,2023,2019,-0.15997984568788776
CA3589912013419840525,1984,2020,0.015361584631284095
CA3631411886919840821,1984,2020,-0.1815299237275447
CA4095612245219850718,1985,2020,-0.051530993625732484
CA4059212068919850708,1985,2020,-0.0738345613405846
CA3665912086319860602,1986,2020,0.01781206165003122
CA3389911714619860529,1986,2020,0.008481479858080053
CA4184912355119870830,1987,2020,-0.10963169623597975
CA3600012102719870707,1987,2020,-0.06469241558377586
CA3362611673419880602,1988,2020,-0.068871196477562
CA3879412296619880824,1988,2020,-0.17944945048039507
CA3407511899419891029,1989,2020,-0.039082350943387266
CA3464911838419890628,1989,2020,-0.10466906192525893
CA4033912181119900809,1990,2020,-0.11926515415432067
CA3305811714419900910,1990,2020,-0.06519126122171494
CA3655211908319910922,1991,2020,-0.09706669316293139
CA3876512278719911020,1991,2020,-0.07832018509187676
CA3592712121419920821,1992,2020,-0.029312023300322114
CA3622012145819920801,1992,2020,-0.13188467123164202
CA3411411897719931026,1993,2020,-0.05547922486253491
CA3407011864919931102,1993,2020,-0.12938708979178776
CA3765511953619940809,1994,2020,-0.11753428981308359
CA3715011953419940912,1994,2020,-0.1153731502927737
CA3805012286419951003,1995,2020,-0.2222743933414067
CA3515211854719950829,1995,2020,-0.07926934025947914
CA3520911991019960520,1996,2020,-0.032347870930624106
CA3791311981819960814,1996,2020,-0.16277664387425106
CA3344711729819970904,1997,2020,-0.10507564433868079
CA3471012049419970927,1997,2020,-0.08192146734130924
CA3442211887219981018,1998,2020,-0.05736452590197365
CA3688212081319980710,1998,2020,-0.0029478365520693036
CA3975712171519990823,1999,2020,-0.08340694164419316
CA3784511998419990823,1999,2020,-0.14871056508083957
CA3625712072920000803,2000,2020,-0.10937651807273352
CA3771612024820000702,2000,2020,-0.08466048681912361
CA3777211886020010702,2001,2020,-0.0404632326952058
CA3396111727920010623,2001,2020,0.015970371042100497
CA4146112251620020713,2002,2020,-0.05091768938429857
CA3474011878120020618,2002,2020,-0.021642409801645415
CA3500511465220030716,2003,2020,-0.038893268565635776
CA3976112013320030720,2003,2020,0.05142955388304947
CA3796411972720041015,2004,2020,-0.09735709981747137
CA3376011738120040503,2004,2020,0.010027606987681745
CA3937412284420050809,2005,2020,-0.13870291485026992
CA3508611531720050622,2005,2020,-0.03075432446089664
CA3605012069320060722,2006,2020,-0.026273919529527512
CA3528111983720060711,2006,2020,-0.027509209609792713
CA3338411718020071022,2007,2020,-0.08588347455051458
CA3757311966320071029,2007,2020,-0.20018706458228167
CA3976512124820080622,2008,2020,-0.29629074312857284
CA3391911775320081115,2008,2020,-0.03034147524851882
CA4156612316620090821,2009,2020,-0.1695633291612262
CA3419711786020090825,2009,2020,-0.1507246901411795
CA3334311736220100713,2010,2020,-0.007728645999048228
CA3790211905120100726,2010,2020,-0.023669194080349894
CA3309811647820111001,2011,2020,-0.08601479520190226
CA3713411828320110913,2011,2020,-0.037558261325602575
CA3355611691120120814,2012,2020,-0.024783589344013104
CA3260811624320120517,2012,2020,-0.016495517699400348
CA4018812160120130501,2013,2020,-0.17942878954328287
CA3881312282620131122,2013,2020,-0.11541323041182827
CA3976812365020140730,2014,2020,-0.2786167584169641
CA4122712136220140731,2014,2020,-0.03553343911307001
CA3745411858420150206,2015,2020,-0.026680218835954724
CA4016812363920150730,2015,2020,-0.24200815040337817
CA3779911892220160804,2016,2020,-0.03853965244922663
CA3436911855620160709,2016,2020,-0.08894140030155401
CA4145212338020170811,2017,2020,-0.17114257289613552
CA3589912026320170710,2017,2020,-0.0631567470413131
CA3906012314020180727,2018,2020,-0.08711314754687065
CA3511712010020180819,2018,2020,-0.041860135143983575
CA3892812226620190608,2019,2020,-0.06259451066704927
CA3433711905320191031,2019,2020,-0.015032553854716654
CA4185812335420200908,2020,2020,-0.29035827206901316
CA3375311768720201026,2020,2020,-0.046046271451365264
CA4156412340420210801,2021,2020,-0.2556017135690361
CA3658211879520210912,2021,2020,-0.19595612497545997
CA3633311865120220803,2022,2020,-0.09853831454126288
CA4090712359920220805,2022,2020,-0.3146740653706215
CA3389011707120230714,2023,2020,-0.002235846891503797
CA3806111999220230909,2023,2020,-0.15281900052212827
CA3589912013419840525,1984,2021,0.020267101048318796
CA3631411886919840821,1984,2021,-0.1427052515532955
CA4095612245219850718,1985,2021,-0.056351060787275774
CA4059212068919850708,1985,2021,-0.06570160032208006
CA3665912086319860602,1986,2021,0.005877626884242929
CA3389911714619860529,1986,2021,0.017897064552026738
CA4184912355119870830,1987,2021,-0.11563837900936627
CA3600012102719870707,1987,2021,-0.05556078820183555
CA3362611673419880602,1988,2021,-0.04342296876264457
CA3879412296619880824,1988,2021,-0.18330600982331713
CA3407511899419891029,1989,2021,-0.003552266288285093
CA3464911838419890628,1989,2021,-0.028515978782388637
CA4033912181119900809,1990,2021,-0.10336363961471923
CA3305811714419900910,1990,2021,-0.025546556025695295
CA3655211908319910922,1991,2021,-0.07333258910015182
CA3876512278719911020,1991,2021,-0.1368218439253557
CA3592712121419920821,1992,2021,-0.042817733275862
CA3622012145819920801,1992,2021,-0.11731826677931761
CA3411411897719931026,1993,2021,-0.015917845083565977
CA3407011864919931102,1993,2021,-0.07597960782212108
CA3765511953619940809,1994,2021,-0.11412592854004397
CA3715011953419940912,1994,2021,-0.11179333827182894
CA3805012286419951003,1995,2021,-0.16258572759806347
CA3515211854719950829,1995,2021,-0.02713485846577052
CA3520911991019960520,1996,2021,0.0185286683337137
CA3791311981819960814,1996,2021,-0.1491163126654443
CA3344711729819970904,1997,2021,-0.07385915016361241
CA3471012049419970927,1997,2021,-0.07001367055223376
CA3442211887219981018,1998,2021,-0.014101344172752257
CA3688212081319980710,1998,2021,-0.027503914777103507
CA3975712171519990823,1999,2021,-0.09124996144667791
CA3784511998419990823,1999,2021,-0.12490604010796172
CA3625712072920000803,2000,2021,-0.09701275398728905
CA3771612024820000702,2000,2021,-0.08091811513513235
CA3777211886020010702,2001,2021,-0.019612818474809605
CA3396111727920010623,2001,2021,0.019215428094454683
CA4146112251620020713,2002,2021,-0.04275101454423066
CA3474011878120020618,2002,2021,0.025221592683015836
CA3500511465220030716,2003,2021,-0.010270373997711005
CA3976112013320030720,2003,2021,0.044322197122681525
CA3796411972720041015,2004,2021,-0.05676461975682514
CA3376011738120040503,2004,2021,0.0210278147477916
CA3937412284420050809,2005,2021,-0.11638973563072735
CA3508611531720050622,2005,2021,-0.014846487192880254
CA3605012069320060722,2006,2021,-0.036338453683689126
CA3528111983720060711,2006,2021,0.028594364612321888
CA3338411718020071022,2007,2021,-0.054471070385632266
CA3757311966320071029,2007,2021,-0.19943462615415777
CA3976512124820080622,2008,2021,0.005013581778627502
CA3391911775320081115,2008,2021,-0.032693843980341884
CA4156612316620090821,2009,2021,-0.1581407172591793
CA3419711786020090825,2009,2021,-0.07896000830368546
CA3334311736220100713,2010,2021,0.02787816868316931
CA3790211905120100726,2010,2021,-0.03488464873913336
CA3309811647820111001,2011,2021,-0.07164178112035154
CA3713411828320110913,2011,2021,-0.02635968602463321
CA3355611691120120814,2012,2021,0.018007686120184437
CA3260811624320120517,2012,2021,0.01917790262191103
CA4018812160120130501,2013,2021,-0.15453602993774285
CA3881312282620131122,2013,2021,-0.15133523484248898
CA3976812365020140730,2014,2021,-0.2650025646024663
CA4122712136220140731,2014,2021,-0.019524042707159763
CA3745411858420150206,2015,2021,-0.01823221261550943
CA4016812363920150730,2015,2021,-0.23264837615055795
CA3779911892220160804,2016,2021,-0.031152270708986345
CA3436911855620160709,2016,2021,-0.04285339628705451
CA4145212338020170811,2017,2021,-0.17626555204497257
CA3589912026320170710,2017,2021,-0.046812962355045076
CA3906012314020180727,2018,2021,-0.09300648393370467
CA3511712010020180819,2018,2021,-0.016918447213196602
CA3892812226620190608,2019,2021,-0.0469936179875667
CA3433711905320191031,2019,2021,0.02767838710797371
CA4185812335420200908,2020,2021,-0.043891265445803185
CA3375311768720201026,2020,2021,0.001652048674189396
CA4156412340420210801,2021,2021,-0.23273017500917867
CA3658211879520210912,2021,2021,-0.17139044091022626
CA3633311865120220803,2022,2021,-0.08388038545129821
CA4090712359920220805,2022,2021,-0.30411521676004316
CA3389011707120230714,2023,2021,0.022576871877844722
CA3806111999220230909,2023,2021,-0.14265017195868834
CA3589912013419840525,1984,2022,0.007740338946696506
CA3631411886919840821,1984,2022,-0.1604683075028253
CA4095612245219850718,1985,2022,-0.08586673298388542
CA4059212068919850708,1985,2022,-0.07795587212888098
CA3665912086319860602,1986,2022,0.06010592972427727
CA3389911714619860529,1986,2022,0.053483498975890255
CA4184912355119870830,1987,2022,-0.13434730713071608
CA3600012102719870707,1987,2022,-0.012364633538959915
CA3362611673419880602,1988,2022,-0.0619240791811984
CA3879412296619880824,1988,2022,-0.16104185800736565
CA3407511899419891029,1989,2022,-0.0341232376854525
CA3464911838419890628,1989,2022,-0.08300447687920107
CA4033912181119900809,1990,2022,-0.11325887698633363
CA3305811714419900910,1990,2022,-0.015349529574802486
CA3655211908319910922,1991,2022,-0.06935544104296928
CA3876512278719911020,1991,2022,-0.16432029648328364
CA3592712121419920821,1992,2022,-0.02837982228672129
CA3622012145819920801,1992,2022,-0.11062625793946063
CA3411411897719931026,1993,2022,-0.05398982514171661
CA3407011864919931102,1993,2022,-0.10641381286586303
CA3765511953619940809,1994,2022,-0.13255216247392615
CA3715011953419940912,1994,2022,-0.11260050145440814
CA3805012286419951003,1995,2022,-0.18046924210581508
CA3515211854719950829,1995,2022,-0.05745476683639452
CA3520911991019960520,1996,2022,0.055660029809766705
CA3791311981819960814,1996,2022,-0.16867080270427262
CA3344711729819970904,1997,2022,-0.08917045431082188
CA3471012049419970927,1997,2022,-0.05481234629222646
CA3442211887219981018,1998,2022,-0.07189853980454285
CA3688212081319980710,1998,2022,0.04171924975465584
CA3975712171519990823,1999,2022,-0.07587730028973359
CA3784511998419990823,1999,2022,-0.13889606528183118
CA3625712072920000803,2000,2022,-0.07852991100987984
CA3771612024820000702,2000,2022,-0.06802795089678201
CA3777211886020010702,2001,2022,-0.04760302930141434
CA3396111727920010623,2001,2022,0.058244983223356
CA4146112251620020713,2002,2022,-0.036442346250504666
CA3474011878120020618,2002,2022,0.015325279982233342
CA3500511465220030716,2003,2022,0.0011296141968868975
CA3976112013320030720,2003,2022,-0.028150269731144067
CA3796411972720041015,2004,2022,-0.07496836618880601
CA3376011738120040503,2004,2022,0.04559799731589417
CA3937412284420050809,2005,2022,-0.13855796023195943
CA3508611531720050622,2005,2022,-0.04938535424397062
CA3605012069320060722,2006,2022,0.0036679730754622577
CA3528111983720060711,2006,2022,0.04314538473881429
CA3338411718020071022,2007,2022,-0.057239381155348996
CA3757311966320071029,2007,2022,-0.2069470534294958
CA3976512124820080622,2008,2022,-0.1258090431631921
CA3391911775320081115,2008,2022,-0.02211092722079543
CA4156612316620090821,2009,2022,-0.17694979014872161
CA3419711786020090825,2009,2022,-0.12748837372095456
CA3334311736220100713,2010,2022,0.013263863025203904
CA3790211905120100726,2010,2022,-0.025178005525255686
CA3309811647820111001,2011,2022,-0.06201049464305185
CA3713411828320110913,2011,2022,-0.041790515724788015
CA3355611691120120814,2012,2022,0.012536554714320145
CA3260811624320120517,2012,2022,0.0009259677254969235
CA4018812160120130501,2013,2022,-0.18228215682276813
CA3881312282620131122,2013,2022,-0.12180723240630961
CA3976812365020140730,2014,2022,-0.2712852656652216
CA4122712136220140731,2014,2022,-0.07969493149054317
CA3745411858420150206,2015,2022,-0.04086265292411151
CA4016812363920150730,2015,2022,-0.2366018083905406
CA3779911892220160804,2016,2022,-0.0423484888747762
CA3436911855620160709,2016,2022,-0.07707767037150541
CA4145212338020170811,2017,2022,-0.18937447607261562
CA3589912026320170710,2017,2022,-0.050116017298141045
CA3906012314020180727,2018,2022,-0.10554560000207651
CA3511712010020180819,2018,2022,-0.010815891356088474
CA3892812226620190608,2019,2022,-0.09297066843905377
CA3433711905320191031,2019,2022,-0.026284405171338628
CA4185812335420200908,2020,2022,-0.09312063302171805
CA3375311768720201026,2020,2022,-0.005606546625115726
CA4156412340420210801,2021,2022,-0.10172161484234428
CA3658211879520210912,2021,2022,-0.0474824914410669
CA3633311865120220803,2022,2022,-0.0809953164775437
CA4090712359920220805,2022,2022,-0.24427631166473454
CA3389011707120230714,2023,2022,0.04866438851966234
CA3806111999220230909,2023,2022,-0.1614749837956118
CA3589912013419840525,1984,2023,-0.11548201997606498
CA3631411886919840821,1984,2023,-0.17967495631490688
CA4095612245219850718,1985,2023,-0.11685167010662116
CA4059212068919850708,1985,2023,-0.09428556703871727
CA3665912086319860602,1986,2023,-0.09871580196425181
CA3389911714619860529,1986,2023,4.4542877971412235e-05
CA4184912355119870830,1987,2023,-0.13959627269091437
CA3600012102719870707,1987,2023,-0.10699575853781296
CA3362611673419880602,1988,2023,-0.1052414786786565
CA3879412296619880824,1988,2023,-0.18530498773751844
CA3407511899419891029,1989,2023,-0.12136397596908981
CA3464911838419890628,1989,2023,-0.10316505891382538
CA4033912181119900809,1990,2023,-0.12295926762092019
CA3305811714419900910,1990,2023,-0.08489692542815248
CA3655211908319910922,1991,2023,-0.10899928111801686
CA3876512278719911020,1991,2023,-0.2053862033180456
CA3592712121419920821,1992,2023,-0.0894008889439632
CA3622012145819920801,1992,2023,-0.16869107003865128
CA3411411897719931026,1993,2023,-0.11805717844508522
CA3407011864919931102,1993,2023,-0.17948011795148125
CA3765511953619940809,1994,2023,-0.13257084666957628
CA3715011953419940912,1994,2023,-0.12935012763020212
CA3805012286419951003,1995,2023,-0.22608513548696224
CA3515211854719950829,1995,2023,-0.09449197914197867
CA3520911991019960520,1996,2023,0.004509488252055397
CA3791311981819960814,1996,2023,-0.1808074601698968
CA3344711729819970904,1997,2023,-0.13416870066115966
CA3471012049419970927,1997,2023,-0.13414682024012484
CA3442211887219981018,1998,2023,-0.09842480566049934
CA3688212081319980710,1998,2023,-0.134652863405637
CA3975712171519990823,1999,2023,-0.10992340002073973
CA3784511998419990823,1999,2023,-0.15941253830806817
CA3625712072920000803,2000,2023,-0.1347979707567261
CA3771612024820000702,2000,2023,-0.10331068859760974
CA3777211886020010702,2001,2023,-0.08819438713701368
CA3396111727920010623,2001,2023,0.0028292231695975505
CA4146112251620020713,2002,2023,-0.06426532075741309
CA3474011878120020618,2002,2023,-0.04125255017937075
CA3500511465220030716,2003,2023,0.02911022403062484
CA3976112013320030720,2003,2023,-0.014642674097585543
CA3796411972720041015,2004,2023,-0.09381411720519027
CA3376011738120040503,2004,2023,-0.0068834836969156816
CA3937412284420050809,2005,2023,-0.16292063185331337
CA3508611531720050622,2005,2023,-0.0189213512358057
CA3605012069320060722,2006,2023,-0.07647916566943888
CA3528111983720060711,2006,2023,-0.028506423815162735
CA3338411718020071022,2007,2023,-0.10634047876826416
CA3757311966320071029,2007,2023,-0.21890041208707667
CA3976512124820080622,2008,2023,-0.20196917225178246
CA3391911775320081115,2008,2023,-0.08319971390647782
CA4156612316620090821,2009,2023,-0.18146754855271113
CA3419711786020090825,2009,2023,-0.18103778895213735
CA3334311736220100713,2010,2023,-0.022202779730652437
CA3790211905120100726,2010,2023,-0.029803662472581014
CA3309811647820111001,2011,2023,-0.09838559656670028
CA3713411828320110913,2011,2023,-0.038349956882152224
CA3355611691120120814,2012,2023,-0.03410337673275956
CA3260811624320120517,2012,2023,0.015075485518940945
CA4018812160120130501,2013,2023,-0.19555784147248434
CA3881312282620131122,2013,2023,-0.15604533981131408
CA3976812365020140730,2014,2023,-0.2971733071735191
CA4122712136220140731,2014,2023,-0.0782684561819781
CA3745411858420150206,2015,2023,-0.043786324069198454
CA4016812363920150730,2015,2023,-0.2638163444159078
CA3779911892220160804,2016,2023,-0.06277359182738877
CA3436911855620160709,2016,2023,-0.10696903094451911
CA4145212338020170811,2017,2023,-0.2050289915773303
CA3589912026320170710,2017,2023,-0.10877538718791353
CA3906012314020180727,2018,2023,-0.1440381090342178
CA3511712010020180819,2018,2023,-0.06395225331083257
CA3892812226620190608,2019,2023,-0.1221133759465129
CA3433711905320191031,2019,2023,-0.08845095822391703
CA4185812335420200908,2020,2023,-0.12725038226496985
CA3375311768720201026,2020,2023,-0.0720403506457479
CA4156412340420210801,2021,2023,-0.1416287794590572
CA3658211879520210912,2021,2023,-0.09473787981538734
CA3633311865120220803,2022,2023,-0.08418045304140893
CA4090712359920220805,2022,2023,-0.18943068178447847
CA3389011707120230714,2023,2023,0.08916963299162319
CA3806111999220230909,2023,2023,-0.15689943632416645
